date,team,site,o_team,line,total
20201222,Nets,home,Warriors,-7.5,229
20201222,Warriors,away,Nets,7.5,229
20201223,Bulls,home,Hawks,2,231
20201223,Hawks,away,Bulls,-2,231
20201223,Cavaliers,home,Hornets,0,216.5
20201223,Hornets,away,Cavaliers,0,216.5
20201223,Celtics,home,Bucks,2.5,225.5
20201223,Bucks,away,Celtics,-2.5,225.5
20201223,Grizzlies,home,Spurs,-2,231.5
20201223,Spurs,away,Grizzlies,2,231.5
20201223,Magic,home,Heat,3.5,219
20201223,Heat,away,Magic,-3.5,219
20201223,Nuggets,home,Kings,-7.5,226
20201223,Kings,away,Nuggets,7.5,226
20201223,Pacers,home,Knicks,-8.5,215.5
20201223,Knicks,away,Pacers,8.5,215.5
20201223,Raptors,home,Pelicans,-3.5,228.5
20201223,Pelicans,away,Raptors,3.5,228.5
20201223,Seventysixers,home,Wizards,-7,229
20201223,Wizards,away,Seventysixers,7,229
20201223,Suns,home,Mavericks,-1,233.5
20201223,Mavericks,away,Suns,1,233.5
20201223,Timberwolves,home,Pistons,-5.5,224.5
20201223,Pistons,away,Timberwolves,5.5,224.5
20201223,Trailblazers,home,Jazz,2,225.5
20201223,Jazz,away,Trailblazers,-2,225.5
20201225,Bucks,home,Warriors,-10.5,233.5
20201225,Warriors,away,Bucks,10.5,233.5
20201225,Celtics,home,Nets,3,227
20201225,Nets,away,Celtics,-3,227
20201225,Heat,home,Pelicans,-5,223.5
20201225,Pelicans,away,Heat,5,223.5
20201225,Lakers,home,Mavericks,-6.5,230
20201225,Mavericks,away,Lakers,6.5,230
20201225,Nuggets,home,Clippers,3,225
20201225,Clippers,away,Nuggets,-3,225
20201226,Bulls,home,Pacers,5.5,223.5
20201226,Pacers,away,Bulls,-5.5,223.5
20201226,Grizzlies,home,Hawks,0,237
20201226,Hawks,away,Grizzlies,0,237
20201226,Hornets,home,Thunder,-2,217.5
20201226,Thunder,away,Hornets,2,217.5
20201226,Jazz,home,Timberwolves,-8,229
20201226,Timberwolves,away,Jazz,8,229
20201226,Kings,home,Suns,3.5,227
20201226,Suns,away,Kings,-3.5,227
20201226,Knicks,home,Seventysixers,8.5,215
20201226,Seventysixers,away,Knicks,-8.5,215
20201226,Pistons,home,Cavaliers,-1,220
20201226,Cavaliers,away,Pistons,1,220
20201226,Spurs,home,Raptors,1,227.5
20201226,Raptors,away,Spurs,-1,227.5
20201226,Trailblazers,home,Rockets,-7.5,226
20201226,Rockets,away,Trailblazers,7.5,226
20201226,Wizards,home,Magic,-1,232.5
20201226,Magic,away,Wizards,1,232.5
20201227,Bulls,home,Warriors,2,228.5
20201227,Warriors,away,Bulls,-2,228.5
20201227,Cavaliers,home,Seventysixers,6,216.5
20201227,Seventysixers,away,Cavaliers,-6,216.5
20201227,Clippers,home,Mavericks,-5,228.5
20201227,Mavericks,away,Clippers,5,228.5
20201227,Hornets,home,Nets,8,226
20201227,Nets,away,Hornets,-8,226
20201227,Kings,home,Suns,3.5,224.5
20201227,Suns,away,Kings,-3.5,224.5
20201227,Knicks,home,Bucks,11,223.5
20201227,Bucks,away,Knicks,-11,223.5
20201227,Lakers,home,Timberwolves,-11,224
20201227,Timberwolves,away,Lakers,11,224
20201227,Pacers,home,Celtics,1,219
20201227,Celtics,away,Pacers,-1,219
20201227,Pelicans,home,Spurs,-5,227.5
20201227,Spurs,away,Pelicans,5,227.5
20201227,Wizards,home,Magic,2,230.5
20201227,Magic,away,Wizards,-2,230.5
20201228,Hawks,home,Pistons,-8.5,226.5
20201228,Pistons,away,Hawks,8.5,226.5
20201228,Lakers,home,Trailblazers,-3,224.5
20201228,Trailblazers,away,Lakers,3,224.5
20201228,Nets,home,Grizzlies,2.5,227
20201228,Grizzlies,away,Nets,-2.5,227
20201228,Nuggets,home,Rockets,-8,226
20201228,Rockets,away,Nuggets,8,226
20201228,Thunder,home,Jazz,6.5,219
20201228,Jazz,away,Thunder,-6.5,219
20201229,Cavaliers,home,Knicks,-3,214.5
20201229,Knicks,away,Cavaliers,3,214.5
20201229,Clippers,home,Timberwolves,-10.5,229.5
20201229,Timberwolves,away,Clippers,10.5,229.5
20201229,Heat,home,Bucks,5.5,226
20201229,Bucks,away,Heat,-5.5,226
20201229,Kings,home,Nuggets,2,227
20201229,Nuggets,away,Kings,-2,227
20201229,Pacers,home,Celtics,1,221
20201229,Celtics,away,Pacers,-1,221
20201229,Pistons,home,Warriors,4.5,222.5
20201229,Warriors,away,Pistons,-4.5,222.5
20201229,Seventysixers,home,Raptors,-2,217.5
20201229,Raptors,away,Seventysixers,2,217.5
20201229,Suns,home,Pelicans,-2.5,221.5
20201229,Pelicans,away,Suns,2.5,221.5
20201229,Thunder,home,Magic,6.5,219.5
20201229,Magic,away,Thunder,-6.5,219.5
20201229,Wizards,home,Bulls,-5.5,234
20201229,Bulls,away,Wizards,5.5,234
20201230,Celtics,home,Grizzlies,-7,220.5
20201230,Grizzlies,away,Celtics,7,220.5
20201230,Clippers,home,Trailblazers,-4.5,227
20201230,Trailblazers,away,Clippers,4.5,227
20201230,Heat,home,Bucks,5,227
20201230,Bucks,away,Heat,-5,227
20201230,Mavericks,home,Hornets,-8,222
20201230,Hornets,away,Mavericks,8,222
20201230,Nets,home,Hawks,-5.5,240
20201230,Hawks,away,Nets,5.5,240
20201230,Spurs,home,Lakers,7,229
20201230,Lakers,away,Spurs,-7,229
20201231,Jazz,home,Suns,-3.5,218
20201231,Suns,away,Jazz,3.5,218
20201231,Magic,home,Seventysixers,3.5,217
20201231,Seventysixers,away,Magic,-3.5,217
20201231,Pacers,home,Cavaliers,-8,218
20201231,Cavaliers,away,Pacers,8,218
20201231,Raptors,home,Knicks,-9.5,215
20201231,Knicks,away,Raptors,9.5,215
20201231,Rockets,home,Kings,-4,231.5
20201231,Kings,away,Rockets,4,231.5
20201231,Thunder,home,Pelicans,5.5,213
20201231,Pelicans,away,Thunder,-5.5,213
20201231,Wizards,home,Bulls,-5.5,237
20201231,Bulls,away,Wizards,5.5,237
20210101,Bucks,home,Bulls,-14.5,231.5
20210101,Bulls,away,Bucks,14.5,231.5
20210101,Hornets,home,Grizzlies,-2.5,218.5
20210101,Grizzlies,away,Hornets,2.5,218.5
20210101,Jazz,home,Clippers,2.5,220.5
20210101,Clippers,away,Jazz,-2.5,220.5
20210101,Mavericks,home,Heat,-1.5,222
20210101,Heat,away,Mavericks,1.5,222
20210101,Nets,home,Hawks,-6,245
20210101,Hawks,away,Nets,6,245
20210101,Nuggets,home,Suns,-3.5,221
20210101,Suns,away,Nuggets,3.5,221
20210101,Pistons,home,Celtics,8.5,213
20210101,Celtics,away,Pistons,-8.5,213
20210101,Spurs,home,Lakers,6,229.5
20210101,Lakers,away,Spurs,-6,229.5
20210101,Timberwolves,home,Wizards,-1,232.5
20210101,Wizards,away,Timberwolves,1,232.5
20210101,Warriors,home,Trailblazers,5,228
20210101,Trailblazers,away,Warriors,-5,228
20210102,Hawks,home,Cavaliers,-5.5,229.5
20210102,Cavaliers,away,Hawks,5.5,229.5
20210102,Magic,home,Thunder,-5.5,216.5
20210102,Thunder,away,Magic,5.5,216.5
20210102,Pacers,home,Knicks,-9,214
20210102,Knicks,away,Pacers,9,214
20210102,Pelicans,home,Raptors,1,216
20210102,Raptors,away,Pelicans,-1,216
20210102,Rockets,home,Kings,-5,229.5
20210102,Kings,away,Rockets,5,229.5
20210102,Seventysixers,home,Hornets,-10,216.5
20210102,Hornets,away,Seventysixers,10,216.5
20210103,Bulls,home,Mavericks,4,225
20210103,Mavericks,away,Bulls,-4,225
20210103,Grizzlies,home,Lakers,10.5,219.5
20210103,Lakers,away,Grizzlies,-10.5,219.5
20210103,Nets,home,Wizards,-7.5,242
20210103,Wizards,away,Nets,7.5,242
20210103,Pistons,home,Celtics,8,213.5
20210103,Celtics,away,Pistons,-8,213.5
20210103,Spurs,home,Jazz,5,222
20210103,Jazz,away,Spurs,-5,222
20210103,Suns,home,Clippers,3.5,218.5
20210103,Clippers,away,Suns,-3.5,218.5
20210103,Timberwolves,home,Nuggets,9,232
20210103,Nuggets,away,Timberwolves,-9,232
20210103,Warriors,home,Trailblazers,4,235
20210103,Trailblazers,away,Warriors,-4,235
20210104,Bucks,home,Pistons,-15,224
20210104,Pistons,away,Bucks,15,224
20210104,Hawks,home,Knicks,-6,222.5
20210104,Knicks,away,Hawks,6,222.5
20210104,Heat,home,Thunder,-9,213
20210104,Thunder,away,Heat,9,213
20210104,Magic,home,Cavaliers,-5.5,214.5
20210104,Cavaliers,away,Magic,5.5,214.5
20210104,Pelicans,home,Pacers,-1,218
20210104,Pacers,away,Pelicans,1,218
20210104,Raptors,home,Celtics,-3,219
20210104,Celtics,away,Raptors,3,219
20210104,Rockets,home,Mavericks,-2.5,228
20210104,Mavericks,away,Rockets,2.5,228
20210104,Seventysixers,home,Hornets,-9.5,219.5
20210104,Hornets,away,Seventysixers,9.5,219.5
20210104,Warriors,home,Kings,2,232
20210104,Kings,away,Warriors,-2,232
20210105,Clippers,home,Spurs,-8,228
20210105,Spurs,away,Clippers,8,228
20210105,Grizzlies,home,Lakers,9,218
20210105,Lakers,away,Grizzlies,-9,218
20210105,Nets,home,Jazz,-1,226.5
20210105,Jazz,away,Nets,1,226.5
20210105,Nuggets,home,Timberwolves,-10.5,227
20210105,Timberwolves,away,Nuggets,10.5,227
20210105,Trailblazers,home,Bulls,-9.5,232.5
20210105,Bulls,away,Trailblazers,9.5,232.5
20210106,Bucks,home,Pistons,-12,226
20210106,Pistons,away,Bucks,12,226
20210106,Hawks,home,Hornets,-6,233
20210106,Hornets,away,Hawks,6,233
20210106,Heat,home,Celtics,-2.5,218.5
20210106,Celtics,away,Heat,2.5,218.5
20210106,Kings,home,Bulls,-6,231.5
20210106,Bulls,away,Kings,6,231.5
20210106,Knicks,home,Jazz,8,214.5
20210106,Jazz,away,Knicks,-8,214.5
20210106,Magic,home,Cavaliers,-5,214.5
20210106,Cavaliers,away,Magic,5,214.5
20210106,Pacers,home,Rockets,-1.5,225
20210106,Rockets,away,Pacers,1.5,225
20210106,Pelicans,home,Thunder,-8,213.5
20210106,Thunder,away,Pelicans,8,213.5
20210106,Seventysixers,home,Wizards,-6.5,235
20210106,Wizards,away,Seventysixers,6.5,235
20210106,Suns,home,Raptors,-3,219
20210106,Raptors,away,Suns,3,219
20210106,Warriors,home,Clippers,4,230.5
20210106,Clippers,away,Warriors,-4,230.5
20210107,Grizzlies,home,Cavaliers,-4,209
20210107,Cavaliers,away,Grizzlies,4,209
20210107,Lakers,home,Spurs,-5.5,224
20210107,Spurs,away,Lakers,5.5,224
20210107,Nets,home,Seventysixers,1.5,222.5
20210107,Seventysixers,away,Nets,-1.5,222.5
20210107,Nuggets,home,Mavericks,-2.5,225.5
20210107,Mavericks,away,Nuggets,2.5,225.5
20210107,Trailblazers,home,Timberwolves,-10,233.5
20210107,Timberwolves,away,Trailblazers,10,233.5
20210108,Bucks,home,Jazz,-5,232
20210108,Jazz,away,Bucks,5,232
20210108,Celtics,home,Wizards,-6.5,234.5
20210108,Wizards,away,Celtics,6.5,234.5
20210108,Grizzlies,home,Nets,-1,222
20210108,Nets,away,Grizzlies,1,222
20210108,Kings,home,Raptors,5,226.5
20210108,Raptors,away,Kings,-5,226.5
20210108,Knicks,home,Thunder,-2.5,208
20210108,Thunder,away,Knicks,2.5,208
20210108,Lakers,home,Bulls,-8.5,229
20210108,Bulls,away,Lakers,8.5,229
20210108,Pelicans,home,Hornets,-6,218.5
20210108,Hornets,away,Pelicans,6,218.5
20210108,Pistons,home,Suns,5,216
20210108,Suns,away,Pistons,-5,216
20210108,Rockets,home,Magic,-7,221.5
20210108,Magic,away,Rockets,7,221.5
20210108,Warriors,home,Clippers,4,230
20210108,Clippers,away,Warriors,-4,230
20210109,Bucks,home,Cavaliers,-10,219
20210109,Cavaliers,away,Bucks,10,219
20210109,Hornets,home,Hawks,4.5,228
20210109,Hawks,away,Hornets,-4.5,228
20210109,Kings,home,Trailblazers,6,234.5
20210109,Trailblazers,away,Kings,-6,234.5
20210109,Mavericks,home,Magic,-7,216
20210109,Magic,away,Mavericks,7,216
20210109,Pacers,home,Suns,-3,217
20210109,Suns,away,Pacers,3,217
20210109,Seventysixers,home,Nuggets,12,218
20210109,Nuggets,away,Seventysixers,-12,218
20210109,Timberwolves,home,Spurs,4.5,234
20210109,Spurs,away,Timberwolves,-4.5,234
20210109,Wizards,home,Heat,5.5,230
20210109,Heat,away,Wizards,-5.5,230
20210110,Clippers,home,Bulls,-11,226.5
20210110,Bulls,away,Clippers,11,226.5
20210110,Knicks,home,Nuggets,6.5,213
20210110,Nuggets,away,Knicks,-6.5,213
20210110,Nets,home,Thunder,-7.5,225
20210110,Thunder,away,Nets,7.5,225
20210110,Pistons,home,Jazz,8.5,216
20210110,Jazz,away,Pistons,-8.5,216
20210110,Rockets,home,Lakers,4,223
20210110,Lakers,away,Rockets,-4,223
20210110,Timberwolves,home,Spurs,3,230
20210110,Spurs,away,Timberwolves,-3,230
20210110,Warriors,home,Raptors,2,230.5
20210110,Raptors,away,Warriors,-2,230.5
20210111,Cavaliers,home,Grizzlies,2.5,206
20210111,Grizzlies,away,Cavaliers,-2.5,206
20210111,Hawks,home,Seventysixers,-6.5,220.5
20210111,Seventysixers,away,Hawks,6.5,220.5
20210111,Hornets,home,Knicks,-5,211
20210111,Knicks,away,Hornets,5,211
20210111,Kings,home,Pacers,4,228
20210111,Pacers,away,Kings,-4,228
20210111,Magic,home,Bucks,10,224
20210111,Bucks,away,Magic,-10,224
20210111,Trailblazers,home,Raptors,-4,230.5
20210111,Raptors,away,Trailblazers,4,230.5
20210111,Wizards,home,Suns,5.5,232
20210111,Suns,away,Wizards,-5.5,232
20210112,Cavaliers,home,Jazz,12.5,205.5
20210112,Jazz,away,Cavaliers,-12.5,205.5
20210112,Nets,home,Nuggets,-1.5,231.5
20210112,Nuggets,away,Nets,1.5,231.5
20210112,Rockets,home,Lakers,5.5,222.5
20210112,Lakers,away,Rockets,-5.5,222.5
20210112,Seventysixers,home,Heat,-6.5,212.5
20210112,Heat,away,Seventysixers,6.5,212.5
20210112,Thunder,home,Spurs,2.5,216.5
20210112,Spurs,away,Thunder,-2.5,216.5
20210112,Warriors,home,Pacers,-1,226.5
20210112,Pacers,away,Warriors,1,226.5
20210113,Clippers,home,Pelicans,-6,220.5
20210113,Pelicans,away,Clippers,6,220.5
20210113,Hornets,home,Mavericks,5,219.5
20210113,Mavericks,away,Hornets,-5,219.5
20210113,Kings,home,Trailblazers,4.5,236.5
20210113,Trailblazers,away,Kings,-4.5,236.5
20210113,Knicks,home,Nets,5.5,219
20210113,Nets,away,Knicks,-5.5,219
20210113,Pistons,home,Bucks,10,225.5
20210113,Bucks,away,Pistons,-10,225.5
20210113,Thunder,home,Lakers,10.5,220
20210113,Lakers,away,Thunder,-10.5,220
20210113,Timberwolves,home,Grizzlies,-2,222.5
20210113,Grizzlies,away,Timberwolves,2,222.5
20210114,Nuggets,home,Warriors,-5.5,225.5
20210114,Warriors,away,Nuggets,5.5,225.5
20210114,Raptors,home,Hornets,-8,219.5
20210114,Hornets,away,Raptors,8,219.5
20210114,Seventysixers,home,Heat,-10.5,223
20210114,Heat,away,Seventysixers,10.5,223
20210114,Spurs,home,Rockets,-7,218
20210114,Rockets,away,Spurs,7,218
20210114,Trailblazers,home,Pacers,-1.5,228
20210114,Pacers,away,Trailblazers,1.5,228
20210115,Bucks,home,Mavericks,-6,227
20210115,Mavericks,away,Bucks,6,227
20210115,Cavaliers,home,Knicks,2,200.5
20210115,Knicks,away,Cavaliers,-2,200.5
20210115,Celtics,home,Magic,-4.5,215
20210115,Magic,away,Celtics,4.5,215
20210115,Jazz,home,Hawks,-6.5,223.5
20210115,Hawks,away,Jazz,6.5,223.5
20210115,Kings,home,Clippers,7.5,227
20210115,Clippers,away,Kings,-7.5,227
20210115,Lakers,home,Pelicans,-10,218.5
20210115,Pelicans,away,Lakers,10,218.5
20210115,Thunder,home,Bulls,0,225
20210115,Bulls,away,Thunder,0,225
20210116,Grizzlies,home,Seventysixers,-1.5,218.5
20210116,Seventysixers,away,Grizzlies,1.5,218.5
20210116,Heat,home,Pistons,-2.5,217.5
20210116,Pistons,away,Heat,2.5,217.5
20210116,Nets,home,Magic,-9,231
20210116,Magic,away,Nets,9,231
20210116,Raptors,home,Hornets,-6.5,221.5
20210116,Hornets,away,Raptors,6.5,221.5
20210116,Spurs,home,Rockets,-7.5,217
20210116,Rockets,away,Spurs,7.5,217
20210116,Trailblazers,home,Hawks,-5,234.5
20210116,Hawks,away,Trailblazers,5,234.5
20210117,Celtics,home,Knicks,-6.5,209
20210117,Knicks,away,Celtics,6.5,209
20210117,Clippers,home,Pacers,-8.5,219.5
20210117,Pacers,away,Clippers,8.5,219.5
20210117,Kings,home,Pelicans,2.5,226
20210117,Pelicans,away,Kings,-2.5,226
20210117,Mavericks,home,Bulls,-6,226
20210117,Bulls,away,Mavericks,6,226
20210117,Nuggets,home,Jazz,1.5,219
20210117,Jazz,away,Nuggets,-1.5,219
20210118,Bulls,home,Rockets,2,227
20210118,Rockets,away,Bulls,-2,227
20210118,Grizzlies,home,Suns,3,218.5
20210118,Suns,away,Grizzlies,-3,218.5
20210118,Hawks,home,Timberwolves,-7.5,227.5
20210118,Timberwolves,away,Hawks,7.5,227.5
20210118,Heat,home,Pistons,-6,218.5
20210118,Pistons,away,Heat,6,218.5
20210118,Knicks,home,Magic,1,205
20210118,Magic,away,Knicks,-1,205
20210118,Lakers,home,Warriors,-8.5,227
20210118,Warriors,away,Lakers,8.5,227
20210118,Nets,home,Bucks,2.5,240
20210118,Bucks,away,Nets,-2.5,240
20210118,Raptors,home,Mavericks,-5,219.5
20210118,Mavericks,away,Raptors,5,219.5
20210118,Trailblazers,home,Spurs,2,226.5
20210118,Spurs,away,Trailblazers,-2,226.5
20210119,Jazz,home,Pelicans,-6,217.5
20210119,Pelicans,away,Jazz,6,217.5
20210119,Nuggets,home,Thunder,-10,220.5
20210119,Thunder,away,Nuggets,10,220.5
20210120,Cavaliers,home,Nets,9,226
20210120,Nets,away,Cavaliers,-9,226
20210120,Clippers,home,Kings,-11,230
20210120,Kings,away,Clippers,11,230
20210120,Hawks,home,Pistons,-6.5,221
20210120,Pistons,away,Hawks,6.5,221
20210120,Pacers,home,Mavericks,2,220
20210120,Mavericks,away,Pacers,-2,220
20210120,Raptors,home,Heat,-3,220
20210120,Heat,away,Raptors,3,220
20210120,Rockets,home,Suns,5.5,218.5
20210120,Suns,away,Rockets,-5.5,218.5
20210120,Seventysixers,home,Celtics,-5.5,221.5
20210120,Celtics,away,Seventysixers,5.5,221.5
20210120,Timberwolves,home,Magic,3,218
20210120,Magic,away,Timberwolves,-3,218
20210120,Warriors,home,Spurs,-1.5,228
20210120,Spurs,away,Warriors,1.5,228
20210121,Bucks,home,Lakers,-1,228
20210121,Lakers,away,Bucks,1,228
20210121,Jazz,home,Pelicans,-7,218
20210121,Pelicans,away,Jazz,7,218
20210121,Warriors,home,Knicks,-4.5,216
20210121,Knicks,away,Warriors,4.5,216
20210122,Cavaliers,home,Nets,6.5,227
20210122,Nets,away,Cavaliers,-6.5,227
20210122,Clippers,home,Thunder,-13.5,220.5
20210122,Thunder,away,Clippers,13.5,220.5
20210122,Hornets,home,Bulls,-3,228.5
20210122,Bulls,away,Hornets,3,228.5
20210122,Kings,home,Knicks,-4,218.5
20210122,Knicks,away,Kings,4,218.5
20210122,Pacers,home,Magic,-2.5,217.5
20210122,Magic,away,Pacers,2.5,217.5
20210122,Pistons,home,Rockets,-2.5,214.5
20210122,Rockets,away,Pistons,2.5,214.5
20210122,Raptors,home,Heat,-3,219.5
20210122,Heat,away,Raptors,3,219.5
20210122,Seventysixers,home,Celtics,-5,222.5
20210122,Celtics,away,Seventysixers,5,222.5
20210122,Spurs,home,Mavericks,2.5,223
20210122,Mavericks,away,Spurs,-2.5,223
20210122,Suns,home,Nuggets,-1,220
20210122,Nuggets,away,Suns,1,220
20210122,Timberwolves,home,Hawks,6.5,223.5
20210122,Hawks,away,Timberwolves,-6.5,223.5
20210123,Bulls,home,Lakers,10,226.5
20210123,Lakers,away,Bulls,-10,226.5
20210123,Jazz,home,Warriors,-7.5,228.5
20210123,Warriors,away,Jazz,7.5,228.5
20210123,Mavericks,home,Rockets,-7,222.5
20210123,Rockets,away,Mavericks,7,222.5
20210123,Nets,home,Heat,-7,232.5
20210123,Heat,away,Nets,7,232.5
20210123,Pistons,home,Seventysixers,6.5,219.5
20210123,Seventysixers,away,Pistons,-6.5,219.5
20210123,Suns,home,Nuggets,3,219
20210123,Nuggets,away,Suns,-3,219
20210123,Timberwolves,home,Pelicans,7,223.5
20210123,Pelicans,away,Timberwolves,-7,223.5
20210124,Bucks,home,Hawks,-9,235
20210124,Hawks,away,Bucks,9,235
20210124,Celtics,home,Cavaliers,-6.5,214.5
20210124,Cavaliers,away,Celtics,6.5,214.5
20210124,Clippers,home,Thunder,-13,220.5
20210124,Thunder,away,Clippers,13,220.5
20210124,Magic,home,Hornets,2,214
20210124,Hornets,away,Magic,-2,214
20210124,Pacers,home,Raptors,-1,217
20210124,Raptors,away,Pacers,1,217
20210124,Spurs,home,Wizards,-7.5,230.5
20210124,Wizards,away,Spurs,7.5,230.5
20210124,Trailblazers,home,Knicks,-3.5,215
20210124,Knicks,away,Trailblazers,3.5,215
20210125,Bulls,home,Celtics,4,228
20210125,Celtics,away,Bulls,-4,228
20210125,Cavaliers,home,Lakers,10,214.5
20210125,Lakers,away,Cavaliers,-10,214.5
20210125,Magic,home,Hornets,-2,214
20210125,Hornets,away,Magic,2,214
20210125,Mavericks,home,Nuggets,1.5,223
20210125,Nuggets,away,Mavericks,-1.5,223
20210125,Nets,home,Heat,-7.5,235
20210125,Heat,away,Nets,7.5,235
20210125,Pacers,home,Raptors,-3,219
20210125,Raptors,away,Pacers,3,219
20210125,Pistons,home,Seventysixers,5,217.5
20210125,Seventysixers,away,Pistons,-5,217.5
20210125,Trailblazers,home,Thunder,-4.5,226.5
20210125,Thunder,away,Trailblazers,4.5,226.5
20210125,Warriors,home,Timberwolves,-9,226.5
20210125,Timberwolves,away,Warriors,9,226.5
20210126,Hawks,home,Clippers,-5.5,221.5
20210126,Clippers,away,Hawks,5.5,221.5
20210126,Jazz,home,Knicks,-11.5,211.5
20210126,Knicks,away,Jazz,11.5,211.5
20210126,Rockets,home,Wizards,-3.5,231.5
20210126,Wizards,away,Rockets,3.5,231.5
20210127,Cavaliers,home,Pistons,-3,216
20210127,Pistons,away,Cavaliers,3,216
20210127,Hawks,home,Nets,6,239
20210127,Nets,away,Hawks,-6,239
20210127,Heat,home,Nuggets,6,219.5
20210127,Nuggets,away,Heat,-6,219.5
20210127,Hornets,home,Pacers,2,221
20210127,Pacers,away,Hornets,-2,221
20210127,Jazz,home,Mavericks,-4,220.5
20210127,Mavericks,away,Jazz,4,220.5
20210127,Magic,home,Kings,-1,223
20210127,Kings,away,Magic,1,223
20210127,Pelicans,home,Wizards,-8,228
20210127,Wizards,away,Pelicans,8,228
20210127,Raptors,home,Bucks,6,224.5
20210127,Bucks,away,Raptors,-6,224.5
20210127,Seventysixers,home,Lakers,3,220
20210127,Lakers,away,Seventysixers,-3,220
20210127,Spurs,home,Celtics,3,223
20210127,Celtics,away,Spurs,-3,223
20210127,Suns,home,Thunder,-5.5,216.5
20210127,Thunder,away,Suns,5.5,216.5
20210127,Warriors,home,Timberwolves,-9,230.5
20210127,Timberwolves,away,Warriors,9,230.5
20210128,Heat,home,Clippers,-4,214
20210128,Clippers,away,Heat,4,214
20210128,Pistons,home,Lakers,6.5,214
20210128,Lakers,away,Pistons,-6.5,214
20210128,Rockets,home,Trailblazers,-3.5,228
20210128,Trailblazers,away,Rockets,3.5,228
20210128,Suns,home,Warriors,-2.5,219.5
20210128,Warriors,away,Suns,2.5,219.5
20210129,Hornets,home,Pacers,3,218.5
20210129,Pacers,away,Hornets,-3,218.5
20210129,Jazz,home,Mavericks,-4,220.5
20210129,Mavericks,away,Jazz,4,220.5
20210129,Knicks,home,Cavaliers,-1.5,204.5
20210129,Cavaliers,away,Knicks,1.5,204.5
20210129,Magic,home,Clippers,6.5,213
20210129,Clippers,away,Magic,-6.5,213
20210129,Pelicans,home,Bucks,7,231.5
20210129,Bucks,away,Pelicans,-7,231.5
20210129,Raptors,home,Kings,-5,229.5
20210129,Kings,away,Raptors,5,229.5
20210129,Spurs,home,Nuggets,3,224
20210129,Nuggets,away,Spurs,-3,224
20210129,Thunder,home,Nets,9.5,231
20210129,Nets,away,Thunder,-9.5,231
20210129,Timberwolves,home,Seventysixers,9.5,224
20210129,Seventysixers,away,Timberwolves,-9.5,224
20210129,Wizards,home,Hawks,5.5,231.5
20210129,Hawks,away,Wizards,-5.5,231.5
20210130,Bulls,home,Trailblazers,-1.5,233.5
20210130,Trailblazers,away,Bulls,1.5,233.5
20210130,Celtics,home,Lakers,1.5,218.5
20210130,Lakers,away,Celtics,-1.5,218.5
20210130,Heat,home,Kings,-4.5,223
20210130,Kings,away,Heat,4.5,223
20210130,Hornets,home,Bucks,7,230.5
20210130,Bucks,away,Hornets,-7,230.5
20210130,Mavericks,home,Suns,1,216
20210130,Suns,away,Mavericks,-1,216
20210130,Pelicans,home,Rockets,1,223
20210130,Rockets,away,Pelicans,-1,223
20210130,Spurs,home,Grizzlies,-3.5,222
20210130,Grizzlies,away,Spurs,3.5,222
20210130,Warriors,home,Pistons,-5.5,223.5
20210130,Pistons,away,Warriors,5.5,223.5
20210131,Knicks,home,Clippers,9.5,212
20210131,Clippers,away,Knicks,-9.5,212
20210131,Nuggets,home,Jazz,-1,221
20210131,Jazz,away,Nuggets,1,221
20210131,Pacers,home,Seventysixers,2,224.5
20210131,Seventysixers,away,Pacers,-2,224.5
20210131,Raptors,home,Magic,-5.5,217
20210131,Magic,away,Raptors,5.5,217
20210131,Timberwolves,home,Cavaliers,2.5,218
20210131,Cavaliers,away,Timberwolves,-2.5,218
20210131,Wizards,home,Nets,5.5,245.5
20210131,Nets,away,Wizards,-5.5,245.5
20210201,Bucks,home,Trailblazers,-10,235.5
20210201,Trailblazers,away,Bucks,10,235.5
20210201,Bulls,home,Knicks,-4,217.5
20210201,Knicks,away,Bulls,4,217.5
20210201,Cavaliers,home,Timberwolves,-3.5,218
20210201,Timberwolves,away,Cavaliers,3.5,218
20210201,Hawks,home,Lakers,7,218.5
20210201,Lakers,away,Hawks,-7,218.5
20210201,Heat,home,Hornets,-6.5,218
20210201,Hornets,away,Heat,6.5,218
20210201,Mavericks,home,Suns,-1.5,217.5
20210201,Suns,away,Mavericks,1.5,217.5
20210201,Pelicans,home,Kings,-2.5,233
20210201,Kings,away,Pelicans,2.5,233
20210201,Spurs,home,Grizzlies,-3.5,222
20210201,Grizzlies,away,Spurs,3.5,222
20210201,Thunder,home,Rockets,5,224.5
20210201,Rockets,away,Thunder,-5,224.5
20210202,Jazz,home,Pistons,-12.5,220.5
20210202,Pistons,away,Jazz,12.5,220.5
20210202,Magic,home,Raptors,6.5,216
20210202,Raptors,away,Magic,-6.5,216
20210202,Nets,home,Clippers,-1,243.5
20210202,Clippers,away,Nets,1,243.5
20210202,Pacers,home,Grizzlies,-6,224
20210202,Grizzlies,away,Pacers,6,224
20210202,Warriors,home,Celtics,2.5,224.5
20210202,Celtics,away,Warriors,-2.5,224.5
20210202,Wizards,home,Trailblazers,-2,242.5
20210202,Trailblazers,away,Wizards,2,242.5
20210203,Bucks,home,Pacers,-9,233
20210203,Pacers,away,Bucks,9,233
20210203,Bulls,home,Knicks,-2,216
20210203,Knicks,away,Bulls,2,216
20210203,Cavaliers,home,Clippers,9,219
20210203,Clippers,away,Cavaliers,-9,219
20210203,Hawks,home,Mavericks,2,224.5
20210203,Mavericks,away,Hawks,-2,224.5
20210203,Heat,home,Wizards,-8,227.5
20210203,Wizards,away,Heat,8,227.5
20210203,Hornets,home,Seventysixers,7.5,225
20210203,Seventysixers,away,Hornets,-7.5,225
20210203,Kings,home,Celtics,0,226.5
20210203,Celtics,away,Kings,0,226.5
20210203,Pelicans,home,Suns,2,223.5
20210203,Suns,away,Pelicans,-2,223.5
20210203,Spurs,home,Timberwolves,-7.5,223.5
20210203,Timberwolves,away,Spurs,7.5,223.5
20210203,Thunder,home,Rockets,5,221.5
20210203,Rockets,away,Thunder,-5,221.5
20210204,Grizzlies,home,Rockets,-1.5,223.5
20210204,Rockets,away,Grizzlies,1.5,223.5
20210204,Hawks,home,Jazz,8.5,221
20210204,Jazz,away,Hawks,-8.5,221
20210204,Lakers,home,Nuggets,-5.5,217
20210204,Nuggets,away,Lakers,5.5,217
20210204,Mavericks,home,Warriors,-2.5,230
20210204,Warriors,away,Mavericks,2.5,230
20210204,Seventysixers,home,Trailblazers,-8.5,227
20210204,Trailblazers,away,Seventysixers,8.5,227
20210205,Cavaliers,home,Bucks,10.5,227.5
20210205,Bucks,away,Cavaliers,-10.5,227.5
20210205,Clippers,home,Celtics,-5,221
20210205,Celtics,away,Clippers,5,221
20210205,Heat,home,Wizards,-7,228.5
20210205,Wizards,away,Heat,7,228.5
20210205,Hornets,home,Jazz,8.5,225
20210205,Jazz,away,Hornets,-8.5,225
20210205,Magic,home,Bulls,2,224.5
20210205,Bulls,away,Magic,-2,224.5
20210205,Nets,home,Raptors,-4.5,239.5
20210205,Raptors,away,Nets,4.5,239.5
20210205,Pacers,home,Pelicans,-1,227
20210205,Pelicans,away,Pacers,1,227
20210205,Suns,home,Pistons,-8.5,212.5
20210205,Pistons,away,Suns,8.5,212.5
20210205,Thunder,home,Timberwolves,1.5,219
20210205,Timberwolves,away,Thunder,-1.5,219
20210206,Cavaliers,home,Bucks,10.5,227
20210206,Bucks,away,Cavaliers,-10.5,227
20210206,Hawks,home,Raptors,1,223.5
20210206,Raptors,away,Hawks,-1,223.5
20210206,Kings,home,Nuggets,2,229.5
20210206,Nuggets,away,Kings,-2,229.5
20210206,Knicks,home,Trailblazers,0,215.5
20210206,Trailblazers,away,Knicks,0,215.5
20210206,Lakers,home,Pistons,-13,217.5
20210206,Pistons,away,Lakers,13,217.5
20210206,Magic,home,Bulls,2.5,224.5
20210206,Bulls,away,Magic,-2.5,224.5
20210206,Mavericks,home,Warriors,-4,232.5
20210206,Warriors,away,Mavericks,4,232.5
20210206,Pelicans,home,Grizzlies,-1.5,226.5
20210206,Grizzlies,away,Pelicans,1.5,226.5
20210206,Rockets,home,Spurs,0,223
20210206,Spurs,away,Rockets,0,223
20210206,Seventysixers,home,Nets,-4.5,233.5
20210206,Nets,away,Seventysixers,4.5,233.5
20210206,Thunder,home,Timberwolves,-1.5,220
20210206,Timberwolves,away,Thunder,1.5,220
20210207,Clippers,home,Kings,-8,228
20210207,Kings,away,Clippers,8,228
20210207,Knicks,home,Heat,5.5,211.5
20210207,Heat,away,Knicks,-5.5,211.5
20210207,Pacers,home,Jazz,5,224.5
20210207,Jazz,away,Pacers,-5,224.5
20210207,Suns,home,Celtics,-3.5,215
20210207,Celtics,away,Suns,3.5,215
20210207,Hornets,home,Wizards,1,235.5
20210207,Wizards,away,Hornets,-1,235.5
20210208,Bulls,home,Wizards,-2.5,236.5
20210208,Wizards,away,Bulls,2.5,236.5
20210208,Grizzlies,home,Raptors,2.5,224.5
20210208,Raptors,away,Grizzlies,-2.5,224.5
20210208,Hornets,home,Rockets,0,219.5
20210208,Rockets,away,Hornets,0,219.5
20210208,Lakers,home,Thunder,-9.5,218.5
20210208,Thunder,away,Lakers,9.5,218.5
20210208,Mavericks,home,Timberwolves,-8.5,228
20210208,Timberwolves,away,Mavericks,8.5,228
20210208,Nuggets,home,Bucks,4.5,233.5
20210208,Bucks,away,Nuggets,-4.5,233.5
20210208,Spurs,home,Warriors,-1.5,232.5
20210208,Warriors,away,Spurs,1.5,232.5
20210208,Suns,home,Cavaliers,-6.5,216.5
20210208,Cavaliers,away,Suns,6.5,216.5
20210209,Heat,home,Knicks,-6,207
20210209,Knicks,away,Heat,6,207
20210209,Jazz,home,Celtics,-6,222
20210209,Celtics,away,Jazz,6,222
20210209,Kings,home,Seventysixers,5,230.5
20210209,Seventysixers,away,Kings,-5,230.5
20210209,Pelicans,home,Rockets,-6.5,226.5
20210209,Rockets,away,Pelicans,6.5,226.5
20210209,Pistons,home,Nets,6,232.5
20210209,Nets,away,Pistons,-6,232.5
20210209,Spurs,home,Warriors,1.5,230.5
20210209,Warriors,away,Spurs,-1.5,230.5
20210209,Trailblazers,home,Magic,-6,219.5
20210209,Magic,away,Trailblazers,6,219.5
20210210,Bulls,home,Pelicans,2.5,231
20210210,Pelicans,away,Bulls,-2.5,231
20210210,Grizzlies,home,Hornets,-4,226
20210210,Hornets,away,Grizzlies,4,226
20210210,Lakers,home,Thunder,-11,218.5
20210210,Thunder,away,Lakers,11,218.5
20210210,Mavericks,home,Hawks,-3.5,233.5
20210210,Hawks,away,Mavericks,3.5,233.5
20210210,Nets,home,Pacers,-2.5,234
20210210,Pacers,away,Nets,2.5,234
20210210,Nuggets,home,Cavaliers,-9.5,224
20210210,Cavaliers,away,Nuggets,9.5,224
20210210,Suns,home,Bucks,4,226.5
20210210,Bucks,away,Suns,-4,226.5
20210210,Timberwolves,home,Clippers,8.5,225
20210210,Clippers,away,Timberwolves,-8.5,225
20210210,Wizards,home,Raptors,5.5,235
20210210,Raptors,away,Wizards,-5.5,235
20210211,Pistons,home,Pacers,4,215
20210211,Pacers,away,Pistons,-4,215
20210211,Rockets,home,Heat,2.5,215
20210211,Heat,away,Rockets,-2.5,215
20210211,Trailblazers,home,Seventysixers,5.5,229.5
20210211,Seventysixers,away,Trailblazers,-5.5,229.5
20210211,Warriors,home,Magic,-7.5,221.5
20210211,Magic,away,Warriors,7.5,221.5
20210211,Celtics,home,Raptors,-3.5,222.5
20210211,Raptors,away,Celtics,3.5,222.5
20210212,Bulls,home,Clippers,7.5,228.5
20210212,Clippers,away,Bulls,-7.5,228.5
20210212,Hawks,home,Spurs,-1.5,228
20210212,Spurs,away,Hawks,1.5,228
20210212,Hornets,home,Timberwolves,-4,230
20210212,Timberwolves,away,Hornets,4,230
20210212,Jazz,home,Bucks,-2.5,234.5
20210212,Bucks,away,Jazz,2.5,234.5
20210212,Kings,home,Magic,-6.5,223.5
20210212,Magic,away,Kings,6.5,223.5
20210212,Lakers,home,Grizzlies,-8.5,220
20210212,Grizzlies,away,Lakers,8.5,220
20210212,Mavericks,home,Pelicans,-3,233.5
20210212,Pelicans,away,Mavericks,3,233.5
20210212,Nuggets,home,Thunder,-11,221.5
20210212,Thunder,away,Nuggets,11,221.5
20210212,Trailblazers,home,Cavaliers,-4.5,222.5
20210212,Cavaliers,away,Trailblazers,4.5,222.5
20210212,Wizards,home,Knicks,3,218
20210212,Knicks,away,Wizards,-3,218
20210212,Celtics,home,Pistons,-7.5,210.5
20210212,Pistons,away,Celtics,7.5,210.5
20210213,Hawks,home,Pacers,1.5,225
20210213,Pacers,away,Hawks,-1.5,225
20210213,Jazz,home,Heat,-7,215
20210213,Heat,away,Jazz,7,215
20210213,Knicks,home,Rockets,0,213
20210213,Rockets,away,Knicks,0,213
20210213,Suns,home,Seventysixers,-1.5,226
20210213,Seventysixers,away,Suns,1.5,226
20210213,Warriors,home,Nets,4,246
20210213,Nets,away,Warriors,-4,246
20210214,Clippers,home,Cavaliers,-11.5,222
20210214,Cavaliers,away,Clippers,11.5,222
20210214,Hornets,home,Spurs,4,230
20210214,Spurs,away,Hornets,-4,230
20210214,Mavericks,home,Trailblazers,-4.5,236
20210214,Trailblazers,away,Mavericks,4.5,236
20210214,Nuggets,home,Lakers,2,217
20210214,Lakers,away,Nuggets,-2,217
20210214,Raptors,home,Timberwolves,-7.5,229
20210214,Timberwolves,away,Raptors,7.5,229
20210214,Suns,home,Magic,-11.5,212
20210214,Magic,away,Suns,11.5,212
20210214,Thunder,home,Bucks,10,226
20210214,Bucks,away,Thunder,-10,226
20210214,Kings,home,Grizzlies,1.5,229.5
20210214,Grizzlies,away,Kings,-1.5,229.5
20210214,Pistons,home,Pelicans,4,222.5
20210214,Pelicans,away,Pistons,-4,222.5
20210214,Wizards,home,Celtics,5.5,229.5
20210214,Celtics,away,Wizards,-5.5,229.5
20210215,Clippers,home,Heat,-3.5,220.5
20210215,Heat,away,Clippers,3.5,220.5
20210215,Jazz,home,Seventysixers,-8.5,227.5
20210215,Seventysixers,away,Jazz,8.5,227.5
20210215,Kings,home,Nets,5.5,243
20210215,Nets,away,Kings,-5.5,243
20210215,Knicks,home,Hawks,1,219
20210215,Hawks,away,Knicks,-1,219
20210215,Pacers,home,Bulls,-4.5,225
20210215,Bulls,away,Pacers,4.5,225
20210215,Warriors,home,Cavaliers,-11,226.5
20210215,Cavaliers,away,Warriors,11,226.5
20210215,Wizards,home,Rockets,-1.5,232.5
20210215,Rockets,away,Wizards,1.5,232.5
20210216,Bucks,home,Raptors,-5.5,236
20210216,Raptors,away,Bucks,5.5,236
20210216,Celtics,home,Nuggets,-3.5,220.5
20210216,Nuggets,away,Celtics,3.5,220.5
20210216,Grizzlies,home,Pelicans,1.5,232
20210216,Pelicans,away,Grizzlies,-1.5,232
20210216,Suns,home,Nets,-4,230
20210216,Nets,away,Suns,4,230
20210216,Thunder,home,Trailblazers,7.5,225
20210216,Trailblazers,away,Thunder,-7.5,225
20210216,Timberwolves,home,Lakers,8,223
20210216,Lakers,away,Timberwolves,-8,223
20210217,Celtics,home,Hawks,-2,224.5
20210217,Hawks,away,Celtics,2,224.5
20210217,Clippers,home,Jazz,7,226
20210217,Jazz,away,Clippers,-7,226
20210217,Magic,home,Knicks,3.5,209.5
20210217,Knicks,away,Magic,-3.5,209.5
20210217,Pelicans,home,Trailblazers,-3,237
20210217,Trailblazers,away,Pelicans,3,237
20210217,Seventysixers,home,Rockets,-8,227.5
20210217,Rockets,away,Seventysixers,8,227.5
20210217,Timberwolves,home,Pacers,5.5,227.5
20210217,Pacers,away,Timberwolves,-5.5,227.5
20210217,Warriors,home,Heat,-1.5,224
20210217,Heat,away,Warriors,1.5,224
20210217,Wizards,home,Nuggets,3.5,235
20210217,Nuggets,away,Wizards,-3.5,235
20210217,Bulls,home,Pistons,-3,219.5
20210217,Pistons,away,Bulls,3,219.5
20210217,Grizzlies,home,Thunder,-7,225
20210217,Thunder,away,Grizzlies,7,225
20210218,Bucks,home,Raptors,-6,233.5
20210218,Raptors,away,Bucks,6,233.5
20210218,Kings,home,Heat,0,227
20210218,Heat,away,Kings,0,227
20210218,Lakers,home,Nets,-2.5,231
20210218,Nets,away,Lakers,2.5,231
20210219,Bucks,home,Thunder,-11,231.5
20210219,Thunder,away,Bucks,11,231.5
20210219,Celtics,home,Hawks,-4.5,227.5
20210219,Hawks,away,Celtics,4.5,227.5
20210219,Clippers,home,Jazz,0,224.5
20210219,Jazz,away,Clippers,0,224.5
20210219,Grizzlies,home,Pistons,-6,220.5
20210219,Pistons,away,Grizzlies,6,220.5
20210219,Magic,home,Warriors,4,225.5
20210219,Warriors,away,Magic,-4,225.5
20210219,Pelicans,home,Suns,3.5,231
20210219,Suns,away,Pelicans,-3.5,231
20210219,Seventysixers,home,Bulls,-7.5,227.5
20210219,Bulls,away,Seventysixers,7.5,227.5
20210219,Timberwolves,home,Raptors,3.5,225.5
20210219,Raptors,away,Timberwolves,-3.5,225.5
20210219,Cavaliers,home,Nuggets,9.5,223
20210219,Nuggets,away,Cavaliers,-9.5,223
20210220,Bulls,home,Kings,1,235.5
20210220,Kings,away,Bulls,-1,235.5
20210220,Grizzlies,home,Suns,6.5,225
20210220,Suns,away,Grizzlies,-6.5,225
20210220,Hornets,home,Warriors,1,230.5
20210220,Warriors,away,Hornets,-1,230.5
20210220,Lakers,home,Heat,-3,208
20210220,Heat,away,Lakers,3,208
20210220,Trailblazers,home,Wizards,-3.5,242
20210220,Wizards,away,Trailblazers,3.5,242
20210221,Bucks,home,Kings,-11,238.5
20210221,Kings,away,Bucks,11,238.5
20210221,Cavaliers,home,Thunder,3,219
20210221,Thunder,away,Cavaliers,-3,219
20210221,Clippers,home,Nets,-5.5,235.5
20210221,Nets,away,Clippers,5.5,235.5
20210221,Hawks,home,Nuggets,2.5,232.5
20210221,Nuggets,away,Hawks,-2.5,232.5
20210221,Knicks,home,Timberwolves,-3.5,216
20210221,Timberwolves,away,Knicks,3.5,216
20210221,Magic,home,Pistons,-3,209.5
20210221,Pistons,away,Magic,3,209.5
20210221,Pelicans,home,Celtics,2,232.5
20210221,Celtics,away,Pelicans,-2,232.5
20210221,Raptors,home,Seventysixers,2,222.5
20210221,Seventysixers,away,Raptors,-2,222.5
20210222,Jazz,home,Hornets,-12.5,230
20210222,Hornets,away,Jazz,12.5,230
20210222,Lakers,home,Wizards,-6.5,229
20210222,Wizards,away,Lakers,6.5,229
20210222,Mavericks,home,Grizzlies,-5,229.5
20210222,Grizzlies,away,Mavericks,5,229.5
20210222,Rockets,home,Bulls,1,226.5
20210222,Bulls,away,Rockets,-1,226.5
20210222,Suns,home,Trailblazers,-6.5,230
20210222,Trailblazers,away,Suns,6.5,230
20210222,Thunder,home,Heat,7.5,212.5
20210222,Heat,away,Thunder,-7.5,212.5
20210223,Bucks,home,Timberwolves,-11.5,231.5
20210223,Timberwolves,away,Bucks,11.5,231.5
20210223,Cavaliers,home,Hawks,7,226.5
20210223,Hawks,away,Cavaliers,-7,226.5
20210223,Clippers,home,Wizards,-12,236.5
20210223,Wizards,away,Clippers,12,236.5
20210223,Knicks,home,Warriors,4,220.5
20210223,Warriors,away,Knicks,-4,220.5
20210223,Magic,home,Pistons,-2.5,208.5
20210223,Pistons,away,Magic,2.5,208.5
20210223,Mavericks,home,Celtics,1,224
20210223,Celtics,away,Mavericks,-1,224
20210223,Nets,home,Kings,-7.5,242
20210223,Kings,away,Nets,7.5,242
20210223,Nuggets,home,Trailblazers,-6,230.5
20210223,Trailblazers,away,Nuggets,6,230.5
20210223,Raptors,home,Seventysixers,3,221.5
20210223,Seventysixers,away,Raptors,-3,221.5
20210224,Bulls,home,Timberwolves,-4.5,229
20210224,Timberwolves,away,Bulls,4.5,229
20210224,Cavaliers,home,Rockets,2.5,215.5
20210224,Rockets,away,Cavaliers,-2.5,215.5
20210224,Hawks,home,Celtics,1.5,227
20210224,Celtics,away,Hawks,-1.5,227
20210224,Heat,home,Raptors,-1.5,215.5
20210224,Raptors,away,Heat,1.5,215.5
20210224,Jazz,home,Lakers,-9,218.5
20210224,Lakers,away,Jazz,9,218.5
20210224,Pacers,home,Warriors,0,228.5
20210224,Warriors,away,Pacers,0,228.5
20210224,Pelicans,home,Pistons,-10,223
20210224,Pistons,away,Pelicans,10,223
20210224,Suns,home,Hornets,-9.5,225.5
20210224,Hornets,away,Suns,9.5,225.5
20210224,Thunder,home,Spurs,-1,216.5
20210224,Spurs,away,Thunder,1,216.5
20210225,Bucks,home,Pelicans,-8,243
20210225,Pelicans,away,Bucks,8,243
20210225,Grizzlies,home,Clippers,7.5,225.5
20210225,Clippers,away,Grizzlies,-7.5,225.5
20210225,Knicks,home,Kings,-2,224.5
20210225,Kings,away,Knicks,2,224.5
20210225,Nets,home,Magic,-8.5,227.5
20210225,Magic,away,Nets,8.5,227.5
20210225,Nuggets,home,Wizards,-7,237
20210225,Wizards,away,Nuggets,7,237
20210225,Seventysixers,home,Mavericks,-5.5,226.5
20210225,Mavericks,away,Seventysixers,5.5,226.5
20210226,Bulls,home,Suns,7,225.5
20210226,Suns,away,Bulls,-7,225.5
20210226,Celtics,home,Pacers,-3,219.5
20210226,Pacers,away,Celtics,3,219.5
20210226,Grizzlies,home,Clippers,7.5,223
20210226,Clippers,away,Grizzlies,-7.5,223
20210226,Heat,home,Jazz,6,220
20210226,Jazz,away,Heat,-6,220
20210226,Lakers,home,Trailblazers,-5.5,221
20210226,Trailblazers,away,Lakers,5.5,221
20210226,Pistons,home,Kings,2,224
20210226,Kings,away,Pistons,-2,224
20210226,Raptors,home,Rockets,-8.5,221
20210226,Rockets,away,Raptors,8.5,221
20210226,Thunder,home,Hawks,3,227
20210226,Hawks,away,Thunder,-3,227
20210226,Warriors,home,Hornets,-6.5,233.5
20210226,Hornets,away,Warriors,6.5,233.5
20210227,Knicks,home,Pacers,0,218
20210227,Pacers,away,Knicks,0,218
20210227,Magic,home,Jazz,10.5,221.5
20210227,Jazz,away,Magic,-10.5,221.5
20210227,Nets,home,Mavericks,1,233
20210227,Mavericks,away,Nets,-1,233
20210227,Seventysixers,home,Cavaliers,-10.5,221.5
20210227,Cavaliers,away,Seventysixers,10.5,221.5
20210227,Spurs,home,Pelicans,2.5,231
20210227,Pelicans,away,Spurs,-2.5,231
20210227,Thunder,home,Nuggets,7,222.5
20210227,Nuggets,away,Thunder,-7,222.5
20210227,Wizards,home,Timberwolves,-4.5,237.5
20210227,Timberwolves,away,Wizards,4.5,237.5
20210228,Bucks,home,Clippers,-2,232.5
20210228,Clippers,away,Bucks,2,232.5
20210228,Celtics,home,Wizards,-5.5,231
20210228,Wizards,away,Celtics,5.5,231
20210228,Heat,home,Hawks,-6.5,220
20210228,Hawks,away,Heat,6.5,220
20210228,Kings,home,Hornets,-1.5,238.5
20210228,Hornets,away,Kings,1.5,238.5
20210228,Lakers,home,Warriors,-4,221
20210228,Warriors,away,Lakers,4,221
20210228,Pistons,home,Knicks,1,209.5
20210228,Knicks,away,Pistons,-1,209.5
20210228,Rockets,home,Grizzlies,4,221.5
20210228,Grizzlies,away,Rockets,-4,221.5
20210228,Timberwolves,home,Suns,10.5,223.5
20210228,Suns,away,Timberwolves,-10.5,223.5
20210301,Bulls,home,Nuggets,5.5,229.5
20210301,Nuggets,away,Bulls,-5.5,229.5
20210301,Magic,home,Mavericks,6.5,226
20210301,Mavericks,away,Magic,-6.5,226
20210301,Pelicans,home,Jazz,6,237.5
20210301,Jazz,away,Pelicans,-6,237.5
20210301,Rockets,home,Cavaliers,-2,216.5
20210301,Cavaliers,away,Rockets,2,216.5
20210301,Seventysixers,home,Pacers,-5.5,223.5
20210301,Pacers,away,Seventysixers,5.5,223.5
20210301,Spurs,home,Nets,6,235.5
20210301,Nets,away,Spurs,-6,235.5
20210301,Trailblazers,home,Hornets,-8,235
20210301,Hornets,away,Trailblazers,8,235
20210302,Bucks,home,Nuggets,-6.5,234
20210302,Nuggets,away,Bucks,6.5,234
20210302,Celtics,home,Clippers,3.5,222.5
20210302,Clippers,away,Celtics,-3.5,222.5
20210302,Heat,home,Hawks,-2,220.5
20210302,Hawks,away,Heat,2,220.5
20210302,Lakers,home,Suns,-1.5,216.5
20210302,Suns,away,Lakers,1.5,216.5
20210302,Spurs,home,Knicks,-2,212.5
20210302,Knicks,away,Spurs,2,212.5
20210302,Wizards,home,Grizzlies,1,236.5
20210302,Grizzlies,away,Wizards,-1,236.5
20210303,Cavaliers,home,Pacers,6,219
20210303,Pacers,away,Cavaliers,-6,219
20210303,Kings,home,Lakers,-3.5,226
20210303,Lakers,away,Kings,3.5,226
20210303,Magic,home,Hawks,3.5,224.5
20210303,Hawks,away,Magic,-3.5,224.5
20210303,Mavericks,home,Thunder,-6.5,220
20210303,Thunder,away,Mavericks,6.5,220
20210303,Pelicans,home,Bulls,-6,238.5
20210303,Bulls,away,Pelicans,6,238.5
20210303,Rockets,home,Nets,10.5,228
20210303,Nets,away,Rockets,-10.5,228
20210303,Seventysixers,home,Jazz,2.5,231.5
20210303,Jazz,away,Seventysixers,-2.5,231.5
20210303,Timberwolves,home,Hornets,3,234.5
20210303,Hornets,away,Timberwolves,-3,234.5
20210303,Trailblazers,home,Warriors,2,234
20210303,Warriors,away,Trailblazers,-2,234
20210303,Raptors,home,Pistons,-6.5,214.5
20210303,Pistons,away,Raptors,6.5,214.5
20210304,Celtics,home,Raptors,-7.5,220.5
20210304,Raptors,away,Celtics,7.5,220.5
20210304,Grizzlies,home,Bucks,6,234
20210304,Bucks,away,Grizzlies,-6,234
20210304,Pacers,home,Nuggets,5,225.5
20210304,Nuggets,away,Pacers,-5,225.5
20210304,Pelicans,home,Heat,2,224.5
20210304,Heat,away,Pelicans,-2,224.5
20210304,Spurs,home,Thunder,-5.5,218.5
20210304,Thunder,away,Spurs,5.5,218.5
20210304,Trailblazers,home,Kings,-4.5,238.5
20210304,Kings,away,Trailblazers,4.5,238.5
20210304,Wizards,home,Clippers,5,235.5
20210304,Clippers,away,Wizards,-5,235.5
20210304,Knicks,home,Pistons,-7,210.5
20210304,Pistons,away,Knicks,7,210.5
20210304,Suns,home,Warriors,-13,221
20210304,Warriors,away,Suns,13,221
20210310,Grizzlies,home,Wizards,-3.5,237
20210310,Wizards,away,Grizzlies,3.5,237
20210310,Mavericks,home,Spurs,-5.5,220
20210310,Spurs,away,Mavericks,5.5,220
20210311,Bucks,home,Knicks,-11,223.5
20210311,Knicks,away,Bucks,11,223.5
20210311,Bulls,home,Seventysixers,-2.5,228.5
20210311,Seventysixers,away,Bulls,2.5,228.5
20210311,Clippers,home,Warriors,-7.5,231
20210311,Warriors,away,Clippers,7.5,231
20210311,Heat,home,Magic,-8,213.5
20210311,Magic,away,Heat,8,213.5
20210311,Hornets,home,Pistons,-4.5,222
20210311,Pistons,away,Hornets,4.5,222
20210311,Kings,home,Rockets,-5.5,231
20210311,Rockets,away,Kings,5.5,231
20210311,Nets,home,Celtics,-3.5,232
20210311,Celtics,away,Nets,3.5,232
20210311,Pelicans,home,Timberwolves,-8,240
20210311,Timberwolves,away,Pelicans,8,240
20210311,Raptors,home,Hawks,2,226
20210311,Hawks,away,Raptors,-2,226
20210311,Thunder,home,Mavericks,1.5,220
20210311,Mavericks,away,Thunder,-1.5,220
20210311,Trailblazers,home,Suns,4.5,227
20210311,Suns,away,Trailblazers,-4.5,227
20210312,Bulls,home,Heat,2.5,219.5
20210312,Heat,away,Bulls,-2.5,219.5
20210312,Grizzlies,home,Nuggets,3,227
20210312,Nuggets,away,Grizzlies,-3,227
20210312,Jazz,home,Rockets,-16,226.5
20210312,Rockets,away,Jazz,16,226.5
20210312,Lakers,home,Pacers,-4.5,216.5
20210312,Pacers,away,Lakers,4.5,216.5
20210312,Pelicans,home,Cavaliers,-8,226
20210312,Cavaliers,away,Pelicans,8,226
20210312,Spurs,home,Magic,-7.5,214
20210312,Magic,away,Spurs,7.5,214
20210312,Wizards,home,Seventysixers,5,233.5
20210312,Seventysixers,away,Wizards,-5,233.5
20210313,Hawks,home,Kings,-4,238
20210313,Kings,away,Hawks,4,238
20210313,Hornets,home,Raptors,-2.5,229
20210313,Raptors,away,Hornets,2.5,229
20210313,Nets,home,Pistons,-11,226
20210313,Pistons,away,Nets,11,226
20210313,Nuggets,home,Mavericks,2,225
20210313,Mavericks,away,Nuggets,-2,225
20210313,Suns,home,Pacers,-6,224
20210313,Pacers,away,Suns,6,224
20210313,Thunder,home,Knicks,5.5,214
20210313,Knicks,away,Thunder,-5.5,214
20210313,Timberwolves,home,Trailblazers,4.5,234.5
20210313,Trailblazers,away,Timberwolves,-4.5,234.5
20210313,Wizards,home,Bucks,10.5,241
20210313,Bucks,away,Wizards,-10.5,241
20210314,Bulls,home,Raptors,-3.5,229.5
20210314,Raptors,away,Bulls,3.5,229.5
20210314,Hawks,home,Cavaliers,-6.5,221.5
20210314,Cavaliers,away,Hawks,6.5,221.5
20210314,Magic,home,Heat,6.5,207
20210314,Heat,away,Magic,-6.5,207
20210314,Pelicans,home,Clippers,5.5,236.5
20210314,Clippers,away,Pelicans,-5.5,236.5
20210314,Rockets,home,Celtics,11,224
20210314,Celtics,away,Rockets,-11,224
20210314,Seventysixers,home,Spurs,-5,225
20210314,Spurs,away,Seventysixers,5,225
20210314,Thunder,home,Grizzlies,5.5,220.5
20210314,Grizzlies,away,Thunder,-5.5,220.5
20210314,Timberwolves,home,Trailblazers,5,233.5
20210314,Trailblazers,away,Timberwolves,-5,233.5
20210314,Warriors,home,Jazz,6.5,233.5
20210314,Jazz,away,Warriors,-6.5,233.5
20210315,Hornets,home,Kings,-3.5,239
20210315,Kings,away,Hornets,3.5,239
20210315,Mavericks,home,Clippers,2,227.5
20210315,Clippers,away,Mavericks,-2,227.5
20210315,Nets,home,Knicks,-7.5,225
20210315,Knicks,away,Nets,7.5,225
20210315,Nuggets,home,Pacers,-5,226.5
20210315,Pacers,away,Nuggets,5,226.5
20210315,Pistons,home,Spurs,3,211.5
20210315,Spurs,away,Pistons,-3,211.5
20210315,Suns,home,Grizzlies,-7.5,227
20210315,Grizzlies,away,Suns,7.5,227
20210315,Warriors,home,Lakers,3,224.5
20210315,Lakers,away,Warriors,-3,224.5
20210315,Wizards,home,Bucks,9.5,242
20210315,Bucks,away,Wizards,-9.5,242
20210316,Bulls,home,Thunder,-7.5,225
20210316,Thunder,away,Bulls,7.5,225
20210316,Celtics,home,Jazz,4.5,227.5
20210316,Jazz,away,Celtics,-4.5,227.5
20210316,Heat,home,Cavaliers,-11,210
20210316,Cavaliers,away,Heat,11,210
20210316,Lakers,home,Timberwolves,-9,225
20210316,Timberwolves,away,Lakers,9,225
20210316,Rockets,home,Hawks,10,226
20210316,Hawks,away,Rockets,-10,226
20210316,Seventysixers,home,Knicks,-7,218
20210316,Knicks,away,Seventysixers,7,218
20210316,Trailblazers,home,Pelicans,-1.5,240
20210316,Pelicans,away,Trailblazers,1.5,240
20210317,Bulls,home,Spurs,-1.5,222
20210317,Spurs,away,Bulls,1.5,222
20210317,Cavaliers,home,Celtics,7.5,218.5
20210317,Celtics,away,Cavaliers,-7.5,218.5
20210317,Grizzlies,home,Heat,-2,218.5
20210317,Heat,away,Grizzlies,2,218.5
20210317,Mavericks,home,Clippers,2,225
20210317,Clippers,away,Mavericks,-2,225
20210317,Nuggets,home,Hornets,-6.5,230.5
20210317,Hornets,away,Nuggets,6.5,230.5
20210317,Pacers,home,Nets,3,234
20210317,Nets,away,Pacers,-3,234
20210317,Pistons,home,Raptors,2.5,220.5
20210317,Raptors,away,Pistons,-2.5,220.5
20210317,Rockets,home,Warriors,12.5,227
20210317,Warriors,away,Rockets,-12.5,227
20210317,Seventysixers,home,Bucks,5.5,234.5
20210317,Bucks,away,Seventysixers,-5.5,234.5
20210317,Wizards,home,Kings,-1,245
20210317,Kings,away,Wizards,1,245
20210318,Hawks,home,Thunder,-8.5,224.5
20210318,Thunder,away,Hawks,8.5,224.5
20210318,Knicks,home,Magic,-5,206.5
20210318,Magic,away,Knicks,5,206.5
20210318,Lakers,home,Hornets,-8,224.5
20210318,Hornets,away,Lakers,8,224.5
20210318,Suns,home,Timberwolves,-10.5,232.5
20210318,Timberwolves,away,Suns,10.5,232.5
20210318,Trailblazers,home,Pelicans,-1.5,239.5
20210318,Pelicans,away,Trailblazers,1.5,239.5
20210318,Wizards,home,Jazz,9.5,240
20210318,Jazz,away,Wizards,-9.5,240
20210319,Cavaliers,home,Spurs,5.5,217.5
20210319,Spurs,away,Cavaliers,-5.5,217.5
20210319,Celtics,home,Kings,-7,232
20210319,Kings,away,Celtics,7,232
20210319,Grizzlies,home,Warriors,-6.5,220.5
20210319,Warriors,away,Grizzlies,6.5,220.5
20210319,Heat,home,Pacers,-4,216.5
20210319,Pacers,away,Heat,4,216.5
20210319,Magic,home,Nets,8.5,224.5
20210319,Nets,away,Magic,-8.5,224.5
20210319,Nuggets,home,Bulls,-6.5,229
20210319,Bulls,away,Nuggets,6.5,229
20210319,Raptors,home,Jazz,4,229
20210319,Jazz,away,Raptors,-4,229
20210319,Rockets,home,Pistons,-1.5,214
20210319,Pistons,away,Rockets,1.5,214
20210319,Suns,home,Timberwolves,-11.5,231
20210319,Timberwolves,away,Suns,11.5,231
20210319,Trailblazers,home,Mavericks,3,234
20210319,Mavericks,away,Trailblazers,-3,234
20210320,Bucks,home,Spurs,-9.5,231
20210320,Spurs,away,Bucks,9.5,231
20210320,Clippers,home,Hornets,-10,231
20210320,Hornets,away,Clippers,10,231
20210320,Grizzlies,home,Warriors,-6.5,219.5
20210320,Warriors,away,Grizzlies,6.5,219.5
20210320,Lakers,home,Hawks,-3.5,219.5
20210320,Hawks,away,Lakers,3.5,219.5
20210320,Seventysixers,home,Kings,-7,235.5
20210320,Kings,away,Seventysixers,7,235.5
20210321,Cavaliers,home,Raptors,7,218.5
20210321,Raptors,away,Cavaliers,-7,218.5
20210321,Celtics,home,Magic,-9,215.5
20210321,Magic,away,Celtics,9,215.5
20210321,Heat,home,Pacers,-3.5,217
20210321,Pacers,away,Heat,3.5,217
20210321,Knicks,home,Seventysixers,0,211.5
20210321,Seventysixers,away,Knicks,0,211.5
20210321,Nets,home,Wizards,-8,245
20210321,Wizards,away,Nets,8,245
20210321,Nuggets,home,Pelicans,-5.5,230
20210321,Pelicans,away,Nuggets,5.5,230
20210321,Pistons,home,Bulls,3.5,216
20210321,Bulls,away,Pistons,-3.5,216
20210321,Rockets,home,Thunder,-1,216.5
20210321,Thunder,away,Rockets,1,216.5
20210321,Suns,home,Lakers,-10.5,214.5
20210321,Lakers,away,Suns,10.5,214.5
20210321,Trailblazers,home,Mavericks,2,228
20210321,Mavericks,away,Trailblazers,-2,228
20210322,Bucks,home,Pacers,-6.5,232
20210322,Pacers,away,Bucks,6.5,232
20210322,Bulls,home,Jazz,9.5,228
20210322,Jazz,away,Bulls,-9.5,228
20210322,Cavaliers,home,Kings,4.5,224
20210322,Kings,away,Cavaliers,-4.5,224
20210322,Clippers,home,Hawks,-6.5,225.5
20210322,Hawks,away,Clippers,6.5,225.5
20210322,Grizzlies,home,Celtics,-4.5,221.5
20210322,Celtics,away,Grizzlies,4.5,221.5
20210322,Rockets,home,Raptors,8.5,222
20210322,Raptors,away,Rockets,-8.5,222
20210322,Spurs,home,Hornets,-5,222.5
20210322,Hornets,away,Spurs,5,222.5
20210322,Timberwolves,home,Thunder,-2,226.5
20210322,Thunder,away,Timberwolves,2,226.5
20210323,Heat,home,Suns,2,214
20210323,Suns,away,Heat,-2,214
20210323,Knicks,home,Wizards,-3,226
20210323,Wizards,away,Knicks,3,226
20210323,Magic,home,Nuggets,7.5,216.5
20210323,Nuggets,away,Magic,-7.5,216.5
20210323,Pelicans,home,Lakers,-6,222
20210323,Lakers,away,Pelicans,6,222
20210323,Trailblazers,home,Nets,-1.5,231.5
20210323,Nets,away,Trailblazers,1.5,231.5
20210323,Warriors,home,Seventysixers,4.5,216
20210323,Seventysixers,away,Warriors,-4.5,216
20210324,Bucks,home,Celtics,-3.5,231
20210324,Celtics,away,Bucks,3.5,231
20210324,Bulls,home,Cavaliers,-5.5,214
20210324,Cavaliers,away,Bulls,5.5,214
20210324,Jazz,home,Nets,-13.5,227
20210324,Nets,away,Jazz,13.5,227
20210324,Kings,home,Hawks,3,230.5
20210324,Hawks,away,Kings,-3,230.5
20210324,Magic,home,Suns,7.5,215.5
20210324,Suns,away,Magic,-7.5,215.5
20210324,Pacers,home,Pistons,-5.5,219
20210324,Pistons,away,Pacers,5.5,219
20210324,Raptors,home,Nuggets,1,224
20210324,Nuggets,away,Raptors,-1,224
20210324,Rockets,home,Hornets,4,222.5
20210324,Hornets,away,Rockets,-4,222.5
20210324,Spurs,home,Clippers,6,222
20210324,Clippers,away,Spurs,-6,222
20210324,Thunder,home,Grizzlies,7,221.5
20210324,Grizzlies,away,Thunder,-7,221.5
20210324,Timberwolves,home,Mavericks,8.5,231.5
20210324,Mavericks,away,Timberwolves,-8.5,231.5
20210325,Heat,home,Trailblazers,2,218.5
20210325,Trailblazers,away,Heat,-2,218.5
20210325,Kings,home,Warriors,-4.5,228.5
20210325,Warriors,away,Kings,4.5,228.5
20210325,Knicks,home,Wizards,-3,224
20210325,Wizards,away,Knicks,3,224
20210325,Lakers,home,Seventysixers,5.5,211.58
20210325,Seventysixers,away,Lakers,-5.5,211.58
20210325,Spurs,home,Clippers,6,220
20210325,Clippers,away,Spurs,-6,220
20210326,Bucks,home,Celtics,-5,232.5
20210326,Celtics,away,Bucks,5,232.5
20210326,Hornets,home,Heat,0,215
20210326,Heat,away,Hornets,0,215
20210326,Jazz,home,Grizzlies,-9.5,229
20210326,Grizzlies,away,Jazz,9.5,229
20210326,Lakers,home,Cavaliers,-5.5,208
20210326,Cavaliers,away,Lakers,5.5,208
20210326,Magic,home,Trailblazers,9,217
20210326,Trailblazers,away,Magic,-9,217
20210326,Mavericks,home,Pacers,0,225.5
20210326,Pacers,away,Mavericks,0,225.5
20210326,Pelicans,home,Nuggets,2.5,230.5
20210326,Nuggets,away,Pelicans,-2.5,230.5
20210326,Pistons,home,Nets,5.5,222
20210326,Nets,away,Pistons,-5.5,222
20210326,Raptors,home,Suns,4,223
20210326,Suns,away,Raptors,-4,223
20210326,Timberwolves,home,Rockets,-4.5,225.5
20210326,Rockets,away,Timberwolves,4.5,225.5
20210326,Warriors,home,Hawks,7.5,220.5
20210326,Hawks,away,Warriors,-7.5,220.5
20210327,Bucks,home,Knicks,2.5,216.5
20210327,Knicks,away,Bucks,-2.5,216.5
20210327,Clippers,home,Seventysixers,-5,223.5
20210327,Seventysixers,away,Clippers,5,223.5
20210327,Jazz,home,Grizzlies,-10.5,228
20210327,Grizzlies,away,Jazz,10.5,228
20210327,Kings,home,Cavaliers,-7,221.5
20210327,Cavaliers,away,Kings,7,221.5
20210327,Pelicans,home,Mavericks,-5,224.5
20210327,Mavericks,away,Pelicans,5,224.5
20210327,Spurs,home,Bulls,-2,223.5
20210327,Bulls,away,Spurs,2,223.5
20210327,Thunder,home,Celtics,10,216.5
20210327,Celtics,away,Thunder,-10,216.5
20210327,Timberwolves,home,Rockets,-4,229
20210327,Rockets,away,Timberwolves,4,229
20210327,Wizards,home,Pistons,-5.5,224
20210327,Pistons,away,Wizards,5.5,224
20210328,Hornets,home,Suns,6,219.5
20210328,Suns,away,Hornets,-6,219.5
20210328,Lakers,home,Magic,-6,208
20210328,Magic,away,Lakers,6,208
20210328,Nuggets,home,Hawks,-4.5,227.5
20210328,Hawks,away,Nuggets,4.5,227.5
20210328,Raptors,home,Trailblazers,2.5,230.5
20210328,Trailblazers,away,Raptors,-2.5,230.5
20210329,Celtics,home,Pelicans,-2.5,229
20210329,Pelicans,away,Celtics,2.5,229
20210329,Clippers,home,Bucks,-2.5,231.5
20210329,Bucks,away,Clippers,2.5,231.5
20210329,Jazz,home,Cavaliers,-16,219.5
20210329,Cavaliers,away,Jazz,16,219.5
20210329,Knicks,home,Heat,4.5,204.5
20210329,Heat,away,Knicks,-4.5,204.5
20210329,Nets,home,Timberwolves,-10.5,238.5
20210329,Timberwolves,away,Nets,10.5,238.5
20210329,Pistons,home,Raptors,3,219
20210329,Raptors,away,Pistons,-3,219
20210329,Rockets,home,Grizzlies,8,226.5
20210329,Grizzlies,away,Rockets,-8,226.5
20210329,Spurs,home,Kings,-2.5,229.5
20210329,Kings,away,Spurs,2.5,229.5
20210329,Thunder,home,Mavericks,11.5,221.5
20210329,Mavericks,away,Thunder,-11.5,221.5
20210329,Warriors,home,Bulls,2,224.5
20210329,Bulls,away,Warriors,-2,224.5
20210329,Wizards,home,Pacers,3.5,236.5
20210329,Pacers,away,Wizards,-3.5,236.5
20210330,Clippers,home,Magic,-10,214.5
20210330,Magic,away,Clippers,10,214.5
20210330,Nuggets,home,Seventysixers,-5.5,220
20210330,Seventysixers,away,Nuggets,5.5,220
20210330,Suns,home,Hawks,-6.5,222.5
20210330,Hawks,away,Suns,6.5,222.5
20210330,Wizards,home,Hornets,4.5,225
20210330,Hornets,away,Wizards,-4.5,225
20210331,Celtics,home,Mavericks,1,223
20210331,Mavericks,away,Celtics,-1,223
20210331,Grizzlies,home,Jazz,5.5,226.5
20210331,Jazz,away,Grizzlies,-5.5,226.5
20210331,Lakers,home,Bucks,9,221.5
20210331,Bucks,away,Lakers,-9,221.5
20210331,Nets,home,Rockets,-12.5,230
20210331,Rockets,away,Nets,12.5,230
20210331,Pacers,home,Heat,2,216
20210331,Heat,away,Pacers,-2,216
20210331,Pistons,home,Trailblazers,7.5,222
20210331,Trailblazers,away,Pistons,-7.5,222
20210331,Spurs,home,Kings,-2.5,230.5
20210331,Kings,away,Spurs,2.5,230.5
20210331,Suns,home,Bulls,-6,222.5
20210331,Bulls,away,Suns,6,222.5
20210331,Thunder,home,Raptors,7.5,221
20210331,Raptors,away,Thunder,-7.5,221
20210331,Timberwolves,home,Knicks,3,217.5
20210331,Knicks,away,Timberwolves,-3,217.5
20210401,Cavaliers,home,Seventysixers,10,213.5
20210401,Seventysixers,away,Cavaliers,-10,213.5
20210401,Clippers,home,Nuggets,1.5,219.5
20210401,Nuggets,away,Clippers,-1.5,219.5
20210401,Heat,home,Warriors,-3,221
20210401,Warriors,away,Heat,3,221
20210401,Nets,home,Hornets,-3.5,222
20210401,Hornets,away,Nets,3.5,222
20210401,Pelicans,home,Magic,-8.5,223.5
20210401,Magic,away,Pelicans,8.5,223.5
20210401,Pistons,home,Wizards,0,219.5
20210401,Wizards,away,Pistons,0,219.5
20210401,Spurs,home,Hawks,1,222.5
20210401,Hawks,away,Spurs,-1,222.5
20210402,Celtics,home,Rockets,-12,223
20210402,Rockets,away,Celtics,12,223
20210402,Grizzlies,home,Timberwolves,-7.5,231
20210402,Timberwolves,away,Grizzlies,7.5,231
20210402,Jazz,home,Bulls,-12,223.5
20210402,Bulls,away,Jazz,12,223.5
20210402,Kings,home,Lakers,-4,220.5
20210402,Lakers,away,Kings,4,220.5
20210402,Knicks,home,Mavericks,6,212.5
20210402,Mavericks,away,Knicks,-6,212.5
20210402,Pacers,home,Hornets,-3.5,219
20210402,Hornets,away,Pacers,3.5,219
20210402,Pelicans,home,Hawks,1.5,223.5
20210402,Hawks,away,Pelicans,-1.5,223.5
20210402,Raptors,home,Warriors,-5.5,219.5
20210402,Warriors,away,Raptors,5.5,219.5
20210402,Suns,home,Thunder,-14,220.5
20210402,Thunder,away,Suns,14,220.5
20210402,Trailblazers,home,Bucks,4,236.5
20210402,Bucks,away,Trailblazers,-4,236.5
20210403,Heat,home,Cavaliers,-12.5,210
20210403,Cavaliers,away,Heat,12.5,210
20210403,Jazz,home,Magic,-16.5,216.5
20210403,Magic,away,Jazz,16.5,216.5
20210403,Kings,home,Bucks,2.5,239
20210403,Bucks,away,Kings,-2.5,239
20210403,Pistons,home,Knicks,2.5,206
20210403,Knicks,away,Pistons,-2.5,206
20210403,Seventysixers,home,Timberwolves,-10.5,230.5
20210403,Timberwolves,away,Seventysixers,10.5,230.5
20210403,Spurs,home,Pacers,-4.5,224.5
20210403,Pacers,away,Spurs,4.5,224.5
20210403,Trailblazers,home,Thunder,-13,227
20210403,Thunder,away,Trailblazers,13,227
20210403,Wizards,home,Mavericks,6.5,227
20210403,Mavericks,away,Wizards,-6.5,227
20210404,Bulls,home,Nets,1.5,224
20210404,Nets,away,Bulls,-1.5,224
20210404,Celtics,home,Hornets,-10.5,216
20210404,Hornets,away,Celtics,10.5,216
20210404,Clippers,home,Lakers,-11,210.5
20210404,Lakers,away,Clippers,11,210.5
20210404,Hawks,home,Warriors,-2,228
20210404,Warriors,away,Hawks,2,228
20210404,Nuggets,home,Magic,-14.5,215
20210404,Magic,away,Nuggets,14.5,215
20210404,Rockets,home,Pelicans,6,222.5
20210404,Pelicans,away,Rockets,-6,222.5
20210404,Seventysixers,home,Grizzlies,-3,223.5
20210404,Grizzlies,away,Seventysixers,3,223.5
20210405,Mavericks,home,Jazz,3.5,221.5
20210405,Jazz,away,Mavericks,-3.5,221.5
20210405,Nets,home,Knicks,-4.5,217.5
20210405,Knicks,away,Nets,4.5,217.5
20210405,Raptors,home,Wizards,-4.5,225
20210405,Wizards,away,Raptors,4.5,225
20210405,Rockets,home,Suns,11.5,222
20210405,Suns,away,Rockets,-11.5,222
20210405,Spurs,home,Cavaliers,-8,218.5
20210405,Cavaliers,away,Spurs,8,218.5
20210405,Thunder,home,Pistons,3,215
20210405,Pistons,away,Thunder,-3,215
20210405,Timberwolves,home,Kings,2,234
20210405,Kings,away,Timberwolves,-2,234
20210406,Celtics,home,Seventysixers,2,222
20210406,Seventysixers,away,Celtics,-2,222
20210406,Clippers,home,Trailblazers,-5.5,230
20210406,Trailblazers,away,Clippers,5.5,230
20210406,Hawks,home,Pelicans,-3.5,229.5
20210406,Pelicans,away,Hawks,3.5,229.5
20210406,Heat,home,Grizzlies,-4.5,217.5
20210406,Grizzlies,away,Heat,4.5,217.5
20210406,Nuggets,home,Pistons,-13.5,220
20210406,Pistons,away,Nuggets,13.5,220
20210406,Pacers,home,Bulls,2.5,224
20210406,Bulls,away,Pacers,-2.5,224
20210406,Raptors,home,Lakers,1,211
20210406,Lakers,away,Raptors,-1,211
20210406,Warriors,home,Bucks,2.5,236
20210406,Bucks,away,Warriors,-2.5,236
20210407,Celtics,home,Knicks,-3,208.5
20210407,Knicks,away,Celtics,3,208.5
20210407,Hawks,home,Grizzlies,1,229
20210407,Grizzlies,away,Hawks,-1,229
20210407,Magic,home,Wizards,3.5,225.5
20210407,Wizards,away,Magic,-3.5,225.5
20210407,Nets,home,Pelicans,-10.5,233.5
20210407,Pelicans,away,Nets,10.5,233.5
20210407,Nuggets,home,Spurs,-7,219
20210407,Spurs,away,Nuggets,7,219
20210407,Pacers,home,Timberwolves,-0.5,234
20210407,Timberwolves,away,Pacers,0.5,234
20210407,Rockets,home,Mavericks,10,222.5
20210407,Mavericks,away,Rockets,-10,222.5
20210407,Suns,home,Jazz,1.5,227
20210407,Jazz,away,Suns,-1.5,227
20210407,Thunder,home,Hornets,5.5,214.5
20210407,Hornets,away,Thunder,-5.5,214.5
20210408,Clippers,home,Suns,-6,221
20210408,Suns,away,Clippers,6,221
20210408,Heat,home,Lakers,-8.5,206
20210408,Lakers,away,Heat,8.5,206
20210408,Jazz,home,Trailblazers,-7,231
20210408,Trailblazers,away,Jazz,7,231
20210408,Kings,home,Pistons,-4.5,225
20210408,Pistons,away,Kings,4.5,225
20210408,Mavericks,home,Bucks,-2,224.5
20210408,Bucks,away,Mavericks,2,224.5
20210408,Thunder,home,Cavaliers,4,218.5
20210408,Cavaliers,away,Thunder,-4,218.5
20210408,Raptors,home,Bulls,4,221.5
20210408,Bulls,away,Raptors,-4,221.5
20210409,Bucks,home,Hornets,2.5,225.5
20210409,Hornets,away,Bucks,-2.5,225.5
20210409,Celtics,home,Timberwolves,-8.5,228.5
20210409,Timberwolves,away,Celtics,8.5,228.5
20210409,Clippers,home,Rockets,-13.5,226
20210409,Rockets,away,Clippers,13.5,226
20210409,Hawks,home,Bulls,-3.5,228
20210409,Bulls,away,Hawks,3.5,228
20210409,Knicks,home,Grizzlies,1,216.5
20210409,Grizzlies,away,Knicks,-1,216.5
20210409,Magic,home,Pacers,5,217.5
20210409,Pacers,away,Magic,-5,217.5
20210409,Nuggets,home,Spurs,-6.5,220.5
20210409,Spurs,away,Nuggets,6.5,220.5
20210409,Pelicans,home,Seventysixers,5.5,225
20210409,Seventysixers,away,Pelicans,-5.5,225
20210409,Warriors,home,Wizards,-4.5,239
20210409,Wizards,away,Warriors,4.5,239
20210410,Jazz,home,Kings,-13.5,231
20210410,Kings,away,Jazz,13.5,231
20210410,Nets,home,Lakers,-10.5,226.5
20210410,Lakers,away,Nets,10.5,226.5
20210410,Suns,home,Wizards,-13.5,228
20210410,Wizards,away,Suns,13.5,228
20210410,Thunder,home,Seventysixers,11.5,217
20210410,Seventysixers,away,Thunder,-11.5,217
20210410,Trailblazers,home,Pistons,-11.5,223
20210410,Pistons,away,Trailblazers,11.5,223
20210410,Warriors,home,Rockets,-9,228
20210410,Rockets,away,Warriors,9,228
20210410,Cavaliers,home,Raptors,3,219
20210410,Raptors,away,Cavaliers,-3,219
20210411,Cavaliers,home,Pelicans,7.5,225.5
20210411,Pelicans,away,Cavaliers,-7.5,225.5
20210411,Clippers,home,Pistons,-10.5,214
20210411,Pistons,away,Clippers,10.5,214
20210411,Grizzlies,home,Pacers,-2,234.5
20210411,Pacers,away,Grizzlies,2,234.5
20210411,Hornets,home,Hawks,2.5,213.5
20210411,Hawks,away,Hornets,-2.5,213.5
20210411,Knicks,home,Raptors,-4,216
20210411,Raptors,away,Knicks,4,216
20210411,Magic,home,Bucks,9,222.5
20210411,Bucks,away,Magic,-9,222.5
20210411,Mavericks,home,Spurs,-6,220.5
20210411,Spurs,away,Mavericks,6,220.5
20210411,Nuggets,home,Celtics,-3.5,220.5
20210411,Celtics,away,Nuggets,3.5,220.5
20210411,Timberwolves,home,Bulls,4,232.5
20210411,Bulls,away,Timberwolves,-4,232.5
20210411,Trailblazers,home,Heat,1,222.5
20210411,Heat,away,Trailblazers,-1,222.5
20210412,Grizzlies,home,Bulls,-2.5,228.5
20210412,Bulls,away,Grizzlies,2.5,228.5
20210412,Jazz,home,Wizards,-10.5,234.5
20210412,Wizards,away,Jazz,10.5,234.5
20210412,Knicks,home,Lakers,-3,205.5
20210412,Lakers,away,Knicks,3,205.5
20210412,Magic,home,Spurs,7,217.5
20210412,Spurs,away,Magic,-7,217.5
20210412,Mavericks,home,Seventysixers,3,217
20210412,Seventysixers,away,Mavericks,-3,217
20210412,Pelicans,home,Kings,-3.5,232
20210412,Kings,away,Pelicans,3.5,232
20210412,Suns,home,Rockets,-12,229.5
20210412,Rockets,away,Suns,12,229.5
20210412,Warriors,home,Nuggets,3.5,225.5
20210412,Nuggets,away,Warriors,-3.5,225.5
20210413,Hornets,home,Lakers,1.5,206.5
20210413,Lakers,away,Hornets,-1.5,206.5
20210413,Jazz,home,Thunder,-16.5,222
20210413,Thunder,away,Jazz,16.5,222
20210413,Pacers,home,Clippers,3,232
20210413,Clippers,away,Pacers,-3,232
20210413,Raptors,home,Hawks,2,220.5
20210413,Hawks,away,Raptors,-2,220.5
20210413,Suns,home,Heat,-3.5,214
20210413,Heat,away,Suns,3.5,214
20210413,Trailblazers,home,Celtics,-1,230
20210413,Celtics,away,Trailblazers,1,230
20210413,Timberwolves,home,Nets,6,231.5
20210413,Nets,away,Timberwolves,-6,231.5
20210414,Bulls,home,Magic,-9.5,220
20210414,Magic,away,Bulls,9.5,220
20210414,Grizzlies,home,Mavericks,3,226.5
20210414,Mavericks,away,Grizzlies,-3,226.5
20210414,Hornets,home,Cavaliers,-3,212.5
20210414,Cavaliers,away,Hornets,3,212.5
20210414,Kings,home,Wizards,2,236.5
20210414,Wizards,away,Kings,-2,236.5
20210414,Nuggets,home,Heat,-6,213
20210414,Heat,away,Nuggets,6,213
20210414,Pelicans,home,Knicks,-2.5,220.5
20210414,Knicks,away,Pelicans,2.5,220.5
20210414,Pistons,home,Clippers,2.5,216.5
20210414,Clippers,away,Pistons,-2.5,216.5
20210414,Raptors,home,Spurs,2,222
20210414,Spurs,away,Raptors,-2,222
20210414,Rockets,home,Pacers,5.5,235
20210414,Pacers,away,Rockets,-5.5,235
20210414,Seventysixers,home,Nets,-6.5,232.5
20210414,Nets,away,Seventysixers,6.5,232.5
20210414,Thunder,home,Warriors,11.5,224.5
20210414,Warriors,away,Thunder,-11.5,224.5
20210414,Timberwolves,home,Bucks,9.5,235.5
20210414,Bucks,away,Timberwolves,-9.5,235.5
20210415,Cavaliers,home,Warriors,9.5,224.5
20210415,Warriors,away,Cavaliers,-9.5,224.5
20210415,Hawks,home,Bucks,6,229
20210415,Bucks,away,Hawks,-6,229
20210415,Lakers,home,Celtics,7.5,212.5
20210415,Celtics,away,Lakers,-7.5,212.5
20210415,Suns,home,Kings,-10,234
20210415,Kings,away,Suns,10,234
20210416,Bulls,home,Grizzlies,4,226
20210416,Grizzlies,away,Bulls,-4,226
20210416,Jazz,home,Pacers,-9.5,233
20210416,Pacers,away,Jazz,9.5,233
20210416,Mavericks,home,Knicks,-4.5,212
20210416,Knicks,away,Mavericks,4.5,212
20210416,Nets,home,Hornets,-13.5,224
20210416,Hornets,away,Nets,13.5,224
20210416,Pistons,home,Thunder,-3.5,215.5
20210416,Thunder,away,Pistons,3.5,215.5
20210416,Raptors,home,Magic,-3,215
20210416,Magic,away,Raptors,3,215
20210416,Rockets,home,Nuggets,9,226.5
20210416,Nuggets,away,Rockets,-9,226.5
20210416,Seventysixers,home,Clippers,-3,218.5
20210416,Clippers,away,Seventysixers,3,218.5
20210416,Spurs,home,Trailblazers,1.5,229
20210416,Trailblazers,away,Spurs,-1.5,229
20210416,Timberwolves,home,Heat,6.5,222.5
20210416,Heat,away,Timberwolves,-6.5,222.5
20210416,Wizards,home,Pelicans,1.5,240.5
20210416,Pelicans,away,Wizards,-1.5,240.5
20210417,Bucks,home,Grizzlies,-8,236.5
20210417,Grizzlies,away,Bucks,8,236.5
20210417,Bulls,home,Cavaliers,-3,211.5
20210417,Cavaliers,away,Bulls,3,211.5
20210417,Celtics,home,Warriors,-4.5,229
20210417,Warriors,away,Celtics,4.5,229
20210417,Lakers,home,Jazz,-2,217
20210417,Jazz,away,Lakers,2,217
20210417,Suns,home,Spurs,-9.5,224
20210417,Spurs,away,Suns,9.5,224
20210417,Wizards,home,Pistons,-4.5,226
20210417,Pistons,away,Wizards,4.5,226
20210418,Clippers,home,Timberwolves,-10,231
20210418,Timberwolves,away,Clippers,10,231
20210418,Hawks,home,Pacers,-2.5,234.5
20210418,Pacers,away,Hawks,2.5,234.5
20210418,Heat,home,Nets,3,222.5
20210418,Nets,away,Heat,-3,222.5
20210418,Hornets,home,Trailblazers,4,217.5
20210418,Trailblazers,away,Hornets,-4,217.5
20210418,Knicks,home,Pelicans,-1,217.5
20210418,Pelicans,away,Knicks,1,217.5
20210418,Magic,home,Rockets,-1,219
20210418,Rockets,away,Magic,1,219
20210418,Mavericks,home,Kings,-8.5,230.5
20210418,Kings,away,Mavericks,8.5,230.5
20210418,Raptors,home,Thunder,-11,221
20210418,Thunder,away,Raptors,11,221
20210419,Bucks,home,Suns,-,-
20210419,Suns,away,Bucks,-,-
20210419,Celtics,home,Bulls,-,-
20210419,Bulls,away,Celtics,-,-
20210419,Heat,home,Rockets,-,-
20210419,Rockets,away,Heat,-,-
20210419,Lakers,home,Jazz,-,-
20210419,Jazz,away,Lakers,-,-
20210419,Nuggets,home,Grizzlies,-,-
20210419,Grizzlies,away,Nuggets,-,-
20210419,Pacers,home,Spurs,-,-
20210419,Spurs,away,Pacers,-,-
20210419,Pistons,home,Cavaliers,-,-
20210419,Cavaliers,away,Pistons,-,-
20210419,Seventysixers,home,Warriors,-,-
20210419,Warriors,away,Seventysixers,-,-
20210419,Wizards,home,Thunder,-,-
20210419,Thunder,away,Wizards,-,-
20210420,Hawks,home,Magic,-,-
20210420,Magic,away,Hawks,-,-
20210420,Kings,home,Timberwolves,-,-
20210420,Timberwolves,away,Kings,-,-
20210420,Knicks,home,Hornets,-,-
20210420,Hornets,away,Knicks,-,-
20210420,Pelicans,home,Nets,-,-
20210420,Nets,away,Pelicans,-,-
20210420,Trailblazers,home,Clippers,-,-
20210420,Clippers,away,Trailblazers,-,-
20210421,Cavaliers,home,Bulls,-,-
20210421,Bulls,away,Cavaliers,-,-
20210421,Clippers,home,Grizzlies,-,-
20210421,Grizzlies,away,Clippers,-,-
20210421,Kings,home,Timberwolves,-,-
20210421,Timberwolves,away,Kings,-,-
20210421,Knicks,home,Hawks,-,-
20210421,Hawks,away,Knicks,-,-
20210421,Mavericks,home,Pistons,-,-
20210421,Pistons,away,Mavericks,-,-
20210421,Pacers,home,Thunder,-,-
20210421,Thunder,away,Pacers,-,-
20210421,Raptors,home,Nets,-,-
20210421,Nets,away,Raptors,-,-
20210421,Rockets,home,Jazz,-,-
20210421,Jazz,away,Rockets,-,-
20210421,Seventysixers,home,Suns,-,-
20210421,Suns,away,Seventysixers,-,-
20210421,Spurs,home,Heat,-,-
20210421,Heat,away,Spurs,-,-
20210421,Trailblazers,home,Nuggets,-,-
20210421,Nuggets,away,Trailblazers,-,-
20210421,Wizards,home,Warriors,-,-
20210421,Warriors,away,Wizards,-,-
20210422,Bucks,home,Seventysixers,-,-
20210422,Seventysixers,away,Bucks,-,-
20210422,Bulls,home,Hornets,-,-
20210422,Hornets,away,Bulls,-,-
20210422,Celtics,home,Suns,-,-
20210422,Suns,away,Celtics,-,-
20210422,Magic,home,Pelicans,-,-
20210422,Pelicans,away,Magic,-,-
20210422,Mavericks,home,Lakers,-,-
20210422,Lakers,away,Mavericks,-,-
20210422,Spurs,home,Pistons,-,-
20210422,Pistons,away,Spurs,-,-
20210423,Hawks,home,Heat,-,-
20210423,Heat,away,Hawks,-,-
20210423,Hornets,home,Cavaliers,-,-
20210423,Cavaliers,away,Hornets,-,-
20210423,Nets,home,Celtics,-,-
20210423,Celtics,away,Nets,-,-
20210423,Rockets,home,Clippers,-,-
20210423,Clippers,away,Rockets,-,-
20210423,Thunder,home,Wizards,-,-
20210423,Wizards,away,Thunder,-,-
20210423,Trailblazers,home,Grizzlies,-,-
20210423,Grizzlies,away,Trailblazers,-,-
20210423,Warriors,home,Nuggets,-,-
20210423,Nuggets,away,Warriors,-,-
20210424,Bucks,home,Seventysixers,-,-
20210424,Seventysixers,away,Bucks,-,-
20210424,Heat,home,Bulls,-,-
20210424,Bulls,away,Heat,-,-
20210424,Jazz,home,Timberwolves,-,-
20210424,Timberwolves,away,Jazz,-,-
20210424,Knicks,home,Raptors,-,-
20210424,Raptors,away,Knicks,-,-
20210424,Mavericks,home,Lakers,-,-
20210424,Lakers,away,Mavericks,-,-
20210424,Nuggets,home,Rockets,-,-
20210424,Rockets,away,Nuggets,-,-
20210424,Pacers,home,Pistons,-,-
20210424,Pistons,away,Pacers,-,-
20210424,Pelicans,home,Spurs,-,-
20210424,Spurs,away,Pelicans,-,-
20210425,Hawks,home,Bucks,-,-
20210425,Bucks,away,Hawks,-,-
20210425,Hornets,home,Celtics,-,-
20210425,Celtics,away,Hornets,-,-
20210425,Magic,home,Pacers,-,-
20210425,Pacers,away,Magic,-,-
20210425,Nets,home,Suns,-,-
20210425,Suns,away,Nets,-,-
20210425,Trailblazers,home,Grizzlies,-,-
20210425,Grizzlies,away,Trailblazers,-,-
20210425,Warriors,home,Kings,-,-
20210425,Kings,away,Warriors,-,-
20210425,Wizards,home,Cavaliers,-,-
20210425,Cavaliers,away,Wizards,-,-
20210426,Heat,home,Bulls,-,-
20210426,Bulls,away,Heat,-,-
20210426,Kings,home,Mavericks,-,-
20210426,Mavericks,away,Kings,-,-
20210426,Knicks,home,Suns,-,-
20210426,Suns,away,Knicks,-,-
20210426,Magic,home,Lakers,-,-
20210426,Lakers,away,Magic,-,-
20210426,Nuggets,home,Grizzlies,-,-
20210426,Grizzlies,away,Nuggets,-,-
20210426,Pelicans,home,Clippers,-,-
20210426,Clippers,away,Pelicans,-,-
20210426,Pistons,home,Hawks,-,-
20210426,Hawks,away,Pistons,-,-
20210426,Raptors,home,Cavaliers,-,-
20210426,Cavaliers,away,Raptors,-,-
20210426,Seventysixers,home,Thunder,-,-
20210426,Thunder,away,Seventysixers,-,-
20210426,Timberwolves,home,Jazz,-,-
20210426,Jazz,away,Timberwolves,-,-
20210426,Wizards,home,Spurs,-,-
20210426,Spurs,away,Wizards,-,-
20210427,Celtics,home,Thunder,-,-
20210427,Thunder,away,Celtics,-,-
20210427,Hornets,home,Bucks,-,-
20210427,Bucks,away,Hornets,-,-
20210427,Pacers,home,Trailblazers,-,-
20210427,Trailblazers,away,Pacers,-,-
20210427,Raptors,home,Nets,-,-
20210427,Nets,away,Raptors,-,-
20210427,Rockets,home,Timberwolves,-,-
20210427,Timberwolves,away,Rockets,-,-
20210427,Warriors,home,Mavericks,-,-
20210427,Mavericks,away,Warriors,-,-
20210428,Cavaliers,home,Magic,-,-
20210428,Magic,away,Cavaliers,-,-
20210428,Celtics,home,Hornets,-,-
20210428,Hornets,away,Celtics,-,-
20210428,Grizzlies,home,Trailblazers,-,-
20210428,Trailblazers,away,Grizzlies,-,-
20210428,Heat,home,Spurs,-,-
20210428,Spurs,away,Heat,-,-
20210428,Kings,home,Jazz,-,-
20210428,Jazz,away,Kings,-,-
20210428,Knicks,home,Bulls,-,-
20210428,Bulls,away,Knicks,-,-
20210428,Nuggets,home,Pelicans,-,-
20210428,Pelicans,away,Nuggets,-,-
20210428,Seventysixers,home,Hawks,-,-
20210428,Hawks,away,Seventysixers,-,-
20210428,Suns,home,Clippers,-,-
20210428,Clippers,away,Suns,-,-
20210428,Wizards,home,Lakers,-,-
20210428,Lakers,away,Wizards,-,-
20210429,Nuggets,home,Raptors,-,-
20210429,Raptors,away,Nuggets,-,-
20210429,Pacers,home,Nets,-,-
20210429,Nets,away,Pacers,-,-
20210429,Pistons,home,Mavericks,-,-
20210429,Mavericks,away,Pistons,-,-
20210429,Rockets,home,Bucks,-,-
20210429,Bucks,away,Rockets,-,-
20210429,Thunder,home,Pelicans,-,-
20210429,Pelicans,away,Thunder,-,-
20210429,Timberwolves,home,Warriors,-,-
20210429,Warriors,away,Timberwolves,-,-
20210430,Bulls,home,Bucks,-,-
20210430,Bucks,away,Bulls,-,-
20210430,Cavaliers,home,Wizards,-,-
20210430,Wizards,away,Cavaliers,-,-
20210430,Celtics,home,Spurs,-,-
20210430,Spurs,away,Celtics,-,-
20210430,Grizzlies,home,Magic,-,-
20210430,Magic,away,Grizzlies,-,-
20210430,Lakers,home,Kings,-,-
20210430,Kings,away,Lakers,-,-
20210430,Nets,home,Trailblazers,-,-
20210430,Trailblazers,away,Nets,-,-
20210430,Seventysixers,home,Hawks,-,-
20210430,Hawks,away,Seventysixers,-,-
20210430,Suns,home,Jazz,-,-
20210430,Jazz,away,Suns,-,-
20210501,Cavaliers,home,Heat,-,-
20210501,Heat,away,Cavaliers,-,-
20210501,Clippers,home,Nuggets,-,-
20210501,Nuggets,away,Clippers,-,-
20210501,Hawks,home,Bulls,-,-
20210501,Bulls,away,Hawks,-,-
20210501,Hornets,home,Pistons,-,-
20210501,Pistons,away,Hornets,-,-
20210501,Jazz,home,Raptors,-,-
20210501,Raptors,away,Jazz,-,-
20210501,Magic,home,Grizzlies,-,-
20210501,Grizzlies,away,Magic,-,-
20210501,Mavericks,home,Wizards,-,-
20210501,Wizards,away,Mavericks,-,-
20210501,Rockets,home,Warriors,-,-
20210501,Warriors,away,Rockets,-,-
20210501,Thunder,home,Pacers,-,-
20210501,Pacers,away,Thunder,-,-
20210501,Timberwolves,home,Pelicans,-,-
20210501,Pelicans,away,Timberwolves,-,-
20210502,Bucks,home,Nets,-,-
20210502,Nets,away,Bucks,-,-
20210502,Celtics,home,Trailblazers,-,-
20210502,Trailblazers,away,Celtics,-,-
20210502,Hornets,home,Heat,-,-
20210502,Heat,away,Hornets,-,-
20210502,Lakers,home,Raptors,-,-
20210502,Raptors,away,Lakers,-,-
20210502,Mavericks,home,Kings,-,-
20210502,Kings,away,Mavericks,-,-
20210502,Rockets,home,Knicks,-,-
20210502,Knicks,away,Rockets,-,-
20210502,Spurs,home,Seventysixers,-,-
20210502,Seventysixers,away,Spurs,-,-
20210502,Thunder,home,Suns,-,-
20210502,Suns,away,Thunder,-,-
20210503,Bulls,home,Seventysixers,-,-
20210503,Seventysixers,away,Bulls,-,-
20210503,Grizzlies,home,Knicks,-,-
20210503,Knicks,away,Grizzlies,-,-
20210503,Hawks,home,Trailblazers,-,-
20210503,Trailblazers,away,Hawks,-,-
20210503,Jazz,home,Spurs,-,-
20210503,Spurs,away,Jazz,-,-
20210503,Lakers,home,Nuggets,-,-
20210503,Nuggets,away,Lakers,-,-
20210503,Pelicans,home,Warriors,-,-
20210503,Warriors,away,Pelicans,-,-
20210503,Pistons,home,Magic,-,-
20210503,Magic,away,Pistons,-,-
20210503,Wizards,home,Pacers,-,-
20210503,Pacers,away,Wizards,-,-
20210504,Bucks,home,Nets,-,-
20210504,Nets,away,Bucks,-,-
20210504,Cavaliers,home,Suns,-,-
20210504,Suns,away,Cavaliers,-,-
20210504,Clippers,home,Raptors,-,-
20210504,Raptors,away,Clippers,-,-
20210504,Heat,home,Mavericks,-,-
20210504,Mavericks,away,Heat,-,-
20210504,Pelicans,home,Warriors,-,-
20210504,Warriors,away,Pelicans,-,-
20210504,Pistons,home,Hornets,-,-
20210504,Hornets,away,Pistons,-,-
20210504,Thunder,home,Kings,-,-
20210504,Kings,away,Thunder,-,-
20210505,Bucks,home,Wizards,-,-
20210505,Wizards,away,Bucks,-,-
20210505,Cavaliers,home,Trailblazers,-,-
20210505,Trailblazers,away,Cavaliers,-,-
20210505,Hawks,home,Suns,-,-
20210505,Suns,away,Hawks,-,-
20210505,Jazz,home,Spurs,-,-
20210505,Spurs,away,Jazz,-,-
20210505,Magic,home,Celtics,-,-
20210505,Celtics,away,Magic,-,-
20210505,Nuggets,home,Knicks,-,-
20210505,Knicks,away,Nuggets,-,-
20210505,Pacers,home,Kings,-,-
20210505,Kings,away,Pacers,-,-
20210505,Rockets,home,Seventysixers,-,-
20210505,Seventysixers,away,Rockets,-,-
20210505,Timberwolves,home,Grizzlies,-,-
20210505,Grizzlies,away,Timberwolves,-,-
20210506,Clippers,home,Lakers,-,-
20210506,Lakers,away,Clippers,-,-
20210506,Hornets,home,Bulls,-,-
20210506,Bulls,away,Hornets,-,-
20210506,Mavericks,home,Nets,-,-
20210506,Nets,away,Mavericks,-,-
20210506,Pacers,home,Hawks,-,-
20210506,Hawks,away,Pacers,-,-
20210506,Pistons,home,Grizzlies,-,-
20210506,Grizzlies,away,Pistons,-,-
20210506,Raptors,home,Wizards,-,-
20210506,Wizards,away,Raptors,-,-
20210506,Warriors,home,Thunder,-,-
20210506,Thunder,away,Warriors,-,-
20210507,Bucks,home,Rockets,-,-
20210507,Rockets,away,Bucks,-,-
20210507,Bulls,home,Celtics,-,-
20210507,Celtics,away,Bulls,-,-
20210507,Heat,home,Timberwolves,-,-
20210507,Timberwolves,away,Heat,-,-
20210507,Hornets,home,Magic,-,-
20210507,Magic,away,Hornets,-,-
20210507,Jazz,home,Nuggets,-,-
20210507,Nuggets,away,Jazz,-,-
20210507,Kings,home,Spurs,-,-
20210507,Spurs,away,Kings,-,-
20210507,Mavericks,home,Cavaliers,-,-
20210507,Cavaliers,away,Mavericks,-,-
20210507,Seventysixers,home,Pelicans,-,-
20210507,Pelicans,away,Seventysixers,-,-
20210507,Suns,home,Knicks,-,-
20210507,Knicks,away,Suns,-,-
20210507,Trailblazers,home,Lakers,-,-
20210507,Lakers,away,Trailblazers,-,-
20210508,Jazz,home,Rockets,-,-
20210508,Rockets,away,Jazz,-,-
20210508,Nuggets,home,Nets,-,-
20210508,Nets,away,Nuggets,-,-
20210508,Pacers,home,Wizards,-,-
20210508,Wizards,away,Pacers,-,-
20210508,Raptors,home,Grizzlies,-,-
20210508,Grizzlies,away,Raptors,-,-
20210508,Seventysixers,home,Pistons,-,-
20210508,Pistons,away,Seventysixers,-,-
20210508,Trailblazers,home,Spurs,-,-
20210508,Spurs,away,Trailblazers,-,-
20210508,Warriors,home,Thunder,-,-
20210508,Thunder,away,Warriors,-,-
20210509,Cavaliers,home,Mavericks,-,-
20210509,Mavericks,away,Cavaliers,-,-
20210509,Celtics,home,Heat,-,-
20210509,Heat,away,Celtics,-,-
20210509,Clippers,home,Knicks,-,-
20210509,Knicks,away,Clippers,-,-
20210509,Hornets,home,Pelicans,-,-
20210509,Pelicans,away,Hornets,-,-
20210509,Kings,home,Thunder,-,-
20210509,Thunder,away,Kings,-,-
20210509,Lakers,home,Suns,-,-
20210509,Suns,away,Lakers,-,-
20210509,Magic,home,Timberwolves,-,-
20210509,Timberwolves,away,Magic,-,-
20210509,Pistons,home,Bulls,-,-
20210509,Bulls,away,Pistons,-,-
20210510,Cavaliers,home,Pacers,-,-
20210510,Pacers,away,Cavaliers,-,-
20210510,Grizzlies,home,Pelicans,-,-
20210510,Pelicans,away,Grizzlies,-,-
20210510,Hawks,home,Wizards,-,-
20210510,Wizards,away,Hawks,-,-
20210510,Spurs,home,Bucks,-,-
20210510,Bucks,away,Spurs,-,-
20210510,Trailblazers,home,Rockets,-,-
20210510,Rockets,away,Trailblazers,-,-
20210510,Warriors,home,Jazz,-,-
20210510,Jazz,away,Warriors,-,-
20210511,Bucks,home,Magic,-,-
20210511,Magic,away,Bucks,-,-
20210511,Bulls,home,Nets,-,-
20210511,Nets,away,Bulls,-,-
20210511,Celtics,home,Heat,-,-
20210511,Heat,away,Celtics,-,-
20210511,Grizzlies,home,Mavericks,-,-
20210511,Mavericks,away,Grizzlies,-,-
20210511,Hornets,home,Nuggets,-,-
20210511,Nuggets,away,Hornets,-,-
20210511,Kings,home,Thunder,-,-
20210511,Thunder,away,Kings,-,-
20210511,Lakers,home,Knicks,-,-
20210511,Knicks,away,Lakers,-,-
20210511,Pacers,home,Seventysixers,-,-
20210511,Seventysixers,away,Pacers,-,-
20210511,Pistons,home,Timberwolves,-,-
20210511,Timberwolves,away,Pistons,-,-
20210511,Raptors,home,Clippers,-,-
20210511,Clippers,away,Raptors,-,-
20210511,Warriors,home,Suns,-,-
20210511,Suns,away,Warriors,-,-
20210512,Cavaliers,home,Celtics,-,-
20210512,Celtics,away,Cavaliers,-,-
20210512,Hawks,home,Wizards,-,-
20210512,Wizards,away,Hawks,-,-
20210512,Jazz,home,Trailblazers,-,-
20210512,Trailblazers,away,Jazz,-,-
20210512,Lakers,home,Rockets,-,-
20210512,Rockets,away,Lakers,-,-
20210512,Mavericks,home,Pelicans,-,-
20210512,Pelicans,away,Mavericks,-,-
20210512,Nets,home,Spurs,-,-
20210512,Spurs,away,Nets,-,-
20210513,Bulls,home,Raptors,-,-
20210513,Raptors,away,Bulls,-,-
20210513,Grizzlies,home,Kings,-,-
20210513,Kings,away,Grizzlies,-,-
20210513,Hawks,home,Magic,-,-
20210513,Magic,away,Hawks,-,-
20210513,Heat,home,Seventysixers,-,-
20210513,Seventysixers,away,Heat,-,-
20210513,Hornets,home,Clippers,-,-
20210513,Clippers,away,Hornets,-,-
20210513,Knicks,home,Spurs,-,-
20210513,Spurs,away,Knicks,-,-
20210513,Pacers,home,Bucks,-,-
20210513,Bucks,away,Pacers,-,-
20210513,Suns,home,Trailblazers,-,-
20210513,Trailblazers,away,Suns,-,-
20210513,Timberwolves,home,Nuggets,-,-
20210513,Nuggets,away,Timberwolves,-,-
20210514,Grizzlies,home,Kings,-,-
20210514,Kings,away,Grizzlies,-,-
20210514,Mavericks,home,Raptors,-,-
20210514,Raptors,away,Mavericks,-,-
20210514,Pistons,home,Nuggets,-,-
20210514,Nuggets,away,Pistons,-,-
20210514,Rockets,home,Clippers,-,-
20210514,Clippers,away,Rockets,-,-
20210514,Seventysixers,home,Magic,-,-
20210514,Magic,away,Seventysixers,-,-
20210514,Thunder,home,Jazz,-,-
20210514,Jazz,away,Thunder,-,-
20210514,Warriors,home,Pelicans,-,-
20210514,Pelicans,away,Warriors,-,-
20210514,Wizards,home,Cavaliers,-,-
20210514,Cavaliers,away,Wizards,-,-
20210515,Bucks,home,Heat,-,-
20210515,Heat,away,Bucks,-,-
20210515,Knicks,home,Hornets,-,-
20210515,Hornets,away,Knicks,-,-
20210515,Nets,home,Bulls,-,-
20210515,Bulls,away,Nets,-,-
20210515,Pacers,home,Lakers,-,-
20210515,Lakers,away,Pacers,-,-
20210515,Spurs,home,Suns,-,-
20210515,Suns,away,Spurs,-,-
20210515,Timberwolves,home,Celtics,-,-
20210515,Celtics,away,Timberwolves,-,-
